customer_id,segment,country,industry,vehicle_count,mrr,arr,products,product_count,legacy_system,contract_start_date,tenure_months,renewal_date,months_to_renewal,adoption_score,engagement_score,support_score,relationship_score,health_score,health_tier,gps_adoption_pct,logbook_completion_pct,days_since_last_login,mobile_dau_mau,open_support_tickets,csat_score,qbr_completed_this_quarter,nps_score,onboarding_completion_score,expansion_mrr_3m,renewal_in_90d,churn_risk_flag,at_risk_arr
CUST-0001,Mid-Market,DE,Gesundheitswesen,60,1124.33,13491.96,GPS Tracking|Digital Logbook|Fleet Analytics,3,Avrios,2022-08-18,28,2025-08-28,8,100.0,100.0,92.5,96.0,97.9,Green,96.0,88.1,1,0.702,0,4.6,1,9.0,100.0,139.24,False,False,0.0
CUST-0002,SMB,AT,Außendienst & Vertrieb,2,37.68,452.16,GPS Tracking,1,Vimcar,2022-07-08,30,2025-06-29,6,57.7,49.4,38.8,36.0,48.2,Amber,61.5,,13,0.133,2,2.3,0,6.0,39.1,0.0,False,False,0.0
CUST-0003,SMB,DE,Außendienst & Vertrieb,7,129.52,1554.24,GPS Tracking|Digital Logbook,2,Vimcar,2022-10-17,26,2025-10-27,10,78.7,91.3,78.2,36.0,76.0,Green,59.3,88.9,4,0.536,0,3.7,0,6.0,81.2,0.0,False,False,0.0
CUST-0004,SMB,DE,Außendienst & Vertrieb,12,256.5,3078.0,GPS Tracking|Digital Logbook,2,Vimcar,2022-10-17,26,2025-10-27,10,73.0,93.4,62.2,32.0,70.8,Green,66.6,64.3,2,0.465,1,2.9,0,,73.7,0.0,False,False,0.0
CUST-0005,Mid-Market,CH,Logistik & Transport,37,771.24,9254.88,GPS Tracking|Digital Logbook|Fleet Analytics,3,Vimcar,2022-03-14,34,2025-03-01,2,100.0,100.0,94.0,32.0,88.6,Green,98.4,100.0,1,0.624,0,4.2,0,,100.0,73.31,True,False,0.0
CUST-0006,Mid-Market,CH,Logistik & Transport,43,712.49,8549.88,GPS Tracking|Digital Logbook|Fleet Analytics,3,New Logo,2024-06-14,6,2025-06-29,6,91.5,100.0,94.8,48.0,88.2,Green,97.1,84.5,3,0.462,0,4.9,0,9.0,100.0,0.0,False,False,0.0
CUST-0007,Enterprise,DE,Logistik & Transport,96,1698.98,20387.76,GPS Tracking|Digital Logbook|Fleet Analytics|Driver Scoring,4,New Logo,2023-08-21,16,2025-08-28,8,100.0,100.0,100.0,100.0,100.0,Green,97.6,97.3,1,0.466,0,5.0,1,10.0,100.0,0.0,False,False,0.0
CUST-0008,SMB,DE,Logistik & Transport,6,136.41,1636.92,GPS Tracking|Digital Logbook,2,New Logo,2024-04-11,8,2025-04-30,4,87.4,51.7,80.5,36.0,67.6,Amber,70.4,62.7,20,0.19,0,4.0,0,6.0,68.4,0.0,False,False,0.0
CUST-0009,SMB,DE,Kommunaler Betrieb,16,399.91,4798.92,GPS Tracking|Digital Logbook,2,Vimcar,2022-11-07,26,2025-10-27,10,95.3,50.7,88.0,36.0,71.6,Green,79.2,89.3,13,0.018,0,4.0,0,6.0,84.6,0.0,False,False,0.0
CUST-0010,SMB,CH,Logistik & Transport,5,128.89,1546.68,GPS Tracking|Digital Logbook,2,New Logo,2024-01-01,12,2025-12-26,12,82.7,45.5,44.5,40.0,57.5,Amber,80.1,68.7,28,0.13,3,3.2,0,7.0,64.5,0.0,False,False,0.0
CUST-0011,SMB,CH,Baugewerbe,20,365.14,4381.68,GPS Tracking|Digital Logbook,2,New Logo,2023-03-04,22,2025-03-01,2,74.9,30.4,55.8,20.0,49.5,Amber,61.2,53.9,62,0.149,0,1.9,0,2.0,61.4,0.0,True,True,4381.68
CUST-0012,SMB,CH,Facility Management,14,383.81,4605.72,GPS Tracking|Digital Logbook,2,Vimcar,2023-10-22,14,2025-10-27,10,65.8,43.9,50.8,32.0,51.2,Amber,58.6,56.7,20,0.157,2,3.9,0,,48.8,0.0,False,False,0.0
CUST-0013,SMB,DE,Kommunaler Betrieb,5,124.86,1498.32,GPS Tracking|Digital Logbook,2,New Logo,2023-03-25,21,2025-03-31,3,83.8,41.8,85.8,36.0,64.4,Amber,73.6,72.0,65,0.278,0,4.7,0,6.0,62.1,0.0,True,True,1498.32
CUST-0014,SMB,DE,Außendienst & Vertrieb,5,129.81,1557.72,GPS Tracking|Digital Logbook,2,New Logo,2024-09-08,3,2025-09-27,9,62.3,20.7,57.5,32.0,44.3,Amber,52.7,57.4,120,0.063,2,3.6,0,,52.6,0.0,False,False,0.0
CUST-0015,Mid-Market,AT,Handwerk & Baugewerbe,63,1108.42,13301.04,GPS Tracking|Digital Logbook|Fleet Analytics,3,Avrios,2021-12-31,36,2025-12-26,12,100.0,100.0,91.8,100.0,98.4,Green,88.4,94.6,1,0.501,0,4.5,1,10.0,100.0,203.51,False,False,0.0
CUST-0016,SMB,AT,Facility Management,15,393.35,4720.2,GPS Tracking|Digital Logbook,2,New Logo,2024-04-29,8,2025-04-30,4,65.0,65.1,73.8,36.0,62.4,Amber,58.0,69.4,23,0.327,0,3.1,0,6.0,74.0,0.0,False,False,0.0
CUST-0017,SMB,DE,Kommunaler Betrieb,16,401.17,4814.04,GPS Tracking|Digital Logbook,2,Vimcar,2022-06-24,30,2025-06-29,6,75.0,68.0,79.8,44.0,69.2,Amber,69.1,79.8,33,0.416,0,3.9,0,8.0,100.0,0.0,False,False,0.0
CUST-0018,Mid-Market,CH,Baugewerbe,62,1047.22,12566.64,GPS Tracking|Digital Logbook|Fleet Analytics,3,Optimum Automotive,2021-10-26,38,2025-10-27,10,97.8,88.0,94.0,100.0,94.4,Green,89.1,77.4,8,0.58,0,4.8,1,10.0,100.0,0.0,False,False,0.0
CUST-0019,Mid-Market,AT,Logistik & Transport,48,997.45,11969.4,GPS Tracking|Digital Logbook|Fleet Analytics,3,Vimcar,2021-07-07,42,2025-06-29,6,100.0,96.0,91.8,80.0,94.2,Green,91.1,100.0,4,0.623,0,4.5,1,,100.0,0.0,False,False,0.0
CUST-0020,SMB,DE,Außendienst & Vertrieb,4,83.16,997.92,GPS Tracking,1,Vimcar,2022-05-23,31,2025-05-30,5,79.1,31.6,51.8,32.0,52.3,Amber,66.6,,40,0.093,1,2.7,0,,61.7,0.0,False,False,0.0
CUST-0021,Mid-Market,AT,Außendienst & Vertrieb,57,1098.52,13182.24,GPS Tracking|Digital Logbook|Fleet Analytics,3,Vimcar,2022-09-17,27,2025-09-27,9,100.0,100.0,93.2,80.0,95.6,Green,98.8,94.1,2,0.559,0,4.7,1,,100.0,0.0,False,False,0.0
CUST-0022,Mid-Market,DE,Facility Management,75,1295.63,15547.56,GPS Tracking|Digital Logbook|Fleet Analytics,3,Vimcar,2022-02-07,35,2025-01-30,1,100.0,88.0,91.8,100.0,94.8,Green,93.5,88.2,13,0.465,0,4.5,1,10.0,100.0,88.83,True,False,0.0
CUST-0023,SMB,AT,Logistik & Transport,12,249.56,2994.72,GPS Tracking|Digital Logbook,2,New Logo,2023-05-16,19,2025-05-30,5,99.3,98.0,82.5,32.0,85.5,Green,90.3,82.7,1,0.576,1,4.6,0,,92.0,0.0,False,False,0.0
CUST-0024,SMB,CH,Facility Management,4,81.65,979.8,GPS Tracking,1,Avrios,2022-08-22,28,2025-08-28,8,49.5,12.4,8.8,16.0,25.2,Red,52.8,,107,0.0,8,1.5,0,1.0,41.4,0.0,False,False,0.0
CUST-0025,Enterprise,DE,Facility Management,324,5143.64,61723.68,GPS Tracking|Digital Logbook|Fleet Analytics,3,Avrios,2022-01-01,36,2025-12-26,12,100.0,97.5,95.5,96.0,97.8,Green,93.1,84.9,2,0.371,0,5.0,1,9.0,100.0,0.0,False,False,0.0
CUST-0026,SMB,DE,Kommunaler Betrieb,9,198.4,2380.8,GPS Tracking|Digital Logbook,2,New Logo,2023-07-22,17,2025-07-29,7,73.6,71.6,41.5,40.0,61.5,Amber,72.6,53.3,19,0.348,3,4.0,0,7.0,92.6,0.0,False,False,0.0
CUST-0027,SMB,DE,Gesundheitswesen,13,295.52,3546.24,GPS Tracking|Digital Logbook,2,Avrios,2022-12-28,24,2025-12-26,12,63.9,89.8,75.2,32.0,69.1,Amber,66.3,62.2,1,0.33,0,3.3,0,,83.9,0.0,False,False,0.0
CUST-0028,SMB,DE,Facility Management,19,404.85,4858.2,GPS Tracking|Digital Logbook,2,Vimcar,2022-05-17,31,2025-05-30,5,85.3,95.4,73.8,32.0,78.0,Green,74.9,45.8,6,0.407,0,3.1,0,,97.5,0.0,False,False,0.0
CUST-0029,Mid-Market,DE,Gesundheitswesen,35,554.56,6654.72,GPS Tracking|Digital Logbook|Fleet Analytics,3,New Logo,2023-10-04,15,2025-09-27,9,100.0,83.4,94.8,100.0,94.0,Green,88.9,87.2,1,0.226,0,4.3,1,10.0,94.3,0.0,False,False,0.0
CUST-0030,Mid-Market,DE,Gesundheitswesen,55,1191.09,14293.08,GPS Tracking|Digital Logbook|Fleet Analytics,3,Avrios,2023-10-19,14,2025-10-27,10,97.2,100.0,92.5,92.0,96.3,Green,100.0,100.0,3,0.503,0,4.6,1,8.0,100.0,0.0,False,False,0.0
CUST-0031,Mid-Market,AT,Facility Management,51,863.71,10364.52,GPS Tracking|Digital Logbook|Fleet Analytics,3,New Logo,2021-07-13,42,2025-06-29,6,100.0,100.0,93.2,80.0,95.6,Green,94.2,95.1,3,0.709,0,4.7,1,,100.0,0.0,False,False,0.0
CUST-0032,Mid-Market,DE,Logistik & Transport,27,562.37,6748.44,GPS Tracking|Digital Logbook|Fleet Analytics,3,Optimum Automotive,2023-03-06,22,2025-03-01,2,93.1,97.1,85.0,32.0,83.5,Green,88.6,80.5,3,0.421,0,4.6,0,,88.3,0.0,True,False,0.0
CUST-0033,SMB,DE,Handwerk & Baugewerbe,11,199.56,2394.72,GPS Tracking|Digital Logbook,2,New Logo,2024-03-17,9,2025-03-31,3,79.1,21.7,37.8,32.0,46.6,Amber,72.4,58.4,61,0.097,4,3.5,0,5.0,45.0,0.0,True,True,2394.72
CUST-0034,Enterprise,DE,Handwerk & Baugewerbe,364,5006.03,60072.36,GPS Tracking|Digital Logbook|Fleet Analytics|Driver Scoring,4,New Logo,2024-01-18,11,2025-01-30,1,97.9,88.0,92.5,80.0,91.2,Green,100.0,85.3,9,0.576,0,4.6,1,,100.0,0.0,True,False,0.0
CUST-0035,SMB,DE,Facility Management,2,47.48,569.76,GPS Tracking,1,Avrios,2022-04-15,33,2025-03-31,3,46.9,14.2,26.5,16.0,28.4,Red,50.0,,120,0.019,3,2.8,0,1.0,42.3,0.0,True,True,569.76
CUST-0036,Mid-Market,CH,Baugewerbe,32,696.27,8355.24,GPS Tracking|Digital Logbook|Fleet Analytics,3,New Logo,2023-06-03,19,2025-05-30,5,100.0,100.0,93.2,96.0,98.0,Green,97.2,94.9,1,0.48,0,4.7,1,9.0,100.0,0.0,False,False,0.0
CUST-0037,Mid-Market,AT,Handwerk & Baugewerbe,28,581.13,6973.56,GPS Tracking|Digital Logbook|Fleet Analytics,3,Avrios,2022-08-04,29,2025-07-29,7,100.0,100.0,92.5,80.0,95.5,Green,90.7,86.4,3,0.494,0,4.6,1,,100.0,0.0,False,False,0.0
CUST-0038,Mid-Market,DE,Handwerk & Baugewerbe,30,481.33,5775.96,GPS Tracking|Digital Logbook|Fleet Analytics,3,New Logo,2021-09-06,40,2025-08-28,8,89.1,96.0,95.5,100.0,94.1,Green,94.9,76.3,6,0.484,0,5.0,1,10.0,100.0,0.0,False,False,0.0
CUST-0039,Enterprise,DE,Kommunaler Betrieb,208,2643.83,31725.96,GPS Tracking|Digital Logbook|Fleet Analytics|Driver Scoring,4,Avrios,2020-06-20,55,2025-05-30,5,100.0,100.0,94.0,96.0,98.2,Green,97.4,87.9,1,0.45,0,4.8,1,9.0,100.0,0.0,False,False,0.0
CUST-0040,Mid-Market,DE,Außendienst & Vertrieb,35,715.04,8580.48,GPS Tracking|Digital Logbook|Fleet Analytics,3,Avrios,2022-09-14,27,2025-09-27,9,100.0,88.0,93.2,100.0,95.0,Green,90.7,94.0,13,0.405,0,4.7,1,10.0,100.0,0.0,False,False,0.0
CUST-0041,Mid-Market,DE,Kommunaler Betrieb,40,840.85,10090.2,GPS Tracking|Digital Logbook|Fleet Analytics,3,Vimcar,2022-06-07,31,2025-05-30,5,99.2,100.0,95.5,32.0,88.6,Green,94.4,82.3,3,0.6,0,5.0,0,,100.0,0.0,False,False,0.0
CUST-0042,SMB,AT,Logistik & Transport,3,72.29,867.48,GPS Tracking,1,New Logo,2024-05-12,7,2025-05-30,5,78.6,48.5,53.0,24.0,56.3,Amber,57.2,,12,0.099,2,3.0,0,3.0,47.2,0.0,False,False,0.0
CUST-0043,SMB,DE,Logistik & Transport,8,165.17,1982.04,GPS Tracking|Digital Logbook,2,Avrios,2024-06-18,6,2025-06-29,6,76.9,45.2,31.0,36.0,52.1,Amber,77.5,68.4,43,0.254,3,2.6,0,6.0,59.8,0.0,False,False,0.0
CUST-0044,SMB,DE,Gesundheitswesen,19,356.26,4275.12,GPS Tracking|Digital Logbook,2,New Logo,2024-11-26,1,2025-11-26,11,43.3,14.4,32.0,20.0,28.9,Red,42.1,15.3,119,0.071,2,2.2,0,2.0,24.6,0.0,False,False,0.0
CUST-0045,SMB,AT,Facility Management,17,355.51,4266.12,GPS Tracking|Digital Logbook,2,New Logo,2023-08-15,16,2025-08-28,8,92.5,48.1,69.0,36.0,66.0,Amber,74.7,89.6,57,0.235,1,3.8,0,6.0,78.0,0.0,False,False,0.0
CUST-0046,SMB,DE,Gesundheitswesen,16,299.39,3592.68,GPS Tracking|Digital Logbook,2,New Logo,2023-08-11,16,2025-08-28,8,68.7,93.7,58.5,32.0,68.7,Amber,78.4,52.7,2,0.408,1,3.6,0,,74.9,0.0,False,False,0.0
CUST-0047,SMB,DE,Kommunaler Betrieb,20,492.24,5906.88,GPS Tracking|Digital Logbook,2,New Logo,2023-10-23,14,2025-10-27,10,95.2,78.9,60.0,44.0,75.6,Green,82.4,82.8,10,0.345,1,2.6,0,8.0,82.9,0.0,False,False,0.0
CUST-0048,SMB,DE,Handwerk & Baugewerbe,9,220.29,2643.48,GPS Tracking|Digital Logbook,2,New Logo,2023-06-06,19,2025-05-30,5,87.6,92.9,76.8,44.0,80.5,Green,78.9,59.3,5,0.472,0,3.5,0,8.0,87.6,0.0,False,False,0.0
CUST-0049,Mid-Market,DE,Kommunaler Betrieb,24,387.88,4654.56,GPS Tracking|Digital Logbook|Fleet Analytics,3,New Logo,2023-02-11,22,2025-03-01,2,100.0,98.6,91.0,80.0,94.8,Green,93.8,92.8,2,0.662,0,4.4,1,,94.5,0.0,True,False,0.0
CUST-0050,SMB,CH,Baugewerbe,11,246.31,2955.72,GPS Tracking|Digital Logbook,2,Optimum Automotive,2022-04-17,32,2025-04-30,4,74.6,70.2,74.5,40.0,68.1,Amber,67.4,53.6,22,0.376,0,3.2,0,7.0,77.4,0.0,False,False,0.0
CUST-0051,SMB,CH,Logistik & Transport,10,230.05,2760.6,GPS Tracking|Digital Logbook,2,Avrios,2022-02-24,34,2025-03-01,2,47.4,55.2,57.8,24.0,48.3,Amber,45.5,50.4,8,0.186,1,3.5,0,3.0,43.7,0.0,True,True,2760.6
CUST-0052,SMB,DE,Logistik & Transport,15,380.18,4562.16,GPS Tracking|Digital Logbook,2,Vimcar,2023-07-08,18,2025-06-29,6,79.9,83.5,80.2,36.0,74.5,Green,79.7,59.7,4,0.338,1,4.3,0,6.0,71.8,0.0,False,False,0.0
CUST-0053,SMB,AT,Facility Management,20,477.42,5729.04,GPS Tracking|Digital Logbook,2,New Logo,2024-10-20,2,2025-10-27,10,47.9,14.6,20.5,16.0,27.6,Red,34.5,47.1,46,0.0,3,2.0,0,1.0,26.6,0.0,False,False,0.0
CUST-0054,Enterprise,DE,Außendienst & Vertrieb,376,4602.76,55233.12,GPS Tracking|Digital Logbook|Fleet Analytics|Driver Scoring,4,Vimcar,2020-07-07,54,2025-06-29,6,95.4,88.0,91.0,80.0,90.0,Green,89.8,83.4,8,0.515,0,4.4,1,,100.0,0.0,False,False,0.0
CUST-0055,Mid-Market,DE,Außendienst & Vertrieb,79,1338.82,16065.84,GPS Tracking|Digital Logbook|Fleet Analytics,3,Avrios,2021-07-22,41,2025-07-29,7,100.0,96.0,90.2,100.0,96.8,Green,94.0,100.0,5,0.446,0,4.3,1,10.0,100.0,0.0,False,False,0.0
CUST-0056,Mid-Market,DE,Gesundheitswesen,26,475.54,5706.48,GPS Tracking|Digital Logbook|Fleet Analytics,3,Vimcar,2022-07-19,29,2025-07-29,7,100.0,100.0,91.8,92.0,97.2,Green,86.3,97.8,1,0.563,0,4.5,1,8.0,100.0,0.0,False,False,0.0
CUST-0057,SMB,DE,Außendienst & Vertrieb,5,132.89,1594.68,GPS Tracking|Digital Logbook,2,New Logo,2023-01-26,23,2025-01-30,1,76.8,41.7,43.0,40.0,54.0,Amber,67.1,33.4,80,0.256,3,3.0,0,7.0,69.2,0.0,True,True,1594.68
CUST-0058,Mid-Market,CH,Logistik & Transport,39,765.89,9190.68,GPS Tracking|Digital Logbook|Fleet Analytics,3,Optimum Automotive,2022-08-04,29,2025-07-29,7,88.9,96.0,94.0,80.0,90.7,Green,94.4,96.1,5,0.604,0,4.2,1,,100.0,0.0,False,False,0.0
CUST-0059,SMB,AT,Außendienst & Vertrieb,16,302.09,3625.08,GPS Tracking|Digital Logbook,2,New Logo,2023-07-04,18,2025-06-29,6,74.8,69.6,65.2,36.0,65.5,Amber,72.4,72.0,6,0.166,1,3.3,0,6.0,76.1,0.0,False,False,0.0
CUST-0060,SMB,CH,Baugewerbe,18,472.49,5669.88,GPS Tracking|Digital Logbook,2,New Logo,2024-11-29,1,2025-11-26,11,50.0,23.2,19.2,32.0,33.1,Red,29.6,50.5,58,0.157,5,2.1,0,,5.7,0.0,False,False,0.0
CUST-0061,Enterprise,CH,Baugewerbe,292,3598.97,43187.64,GPS Tracking|Digital Logbook|Fleet Analytics|Driver Scoring,4,Avrios,2021-11-06,38,2025-10-27,10,100.0,100.0,92.5,80.0,95.5,Green,93.4,99.8,1,0.491,0,4.6,1,,100.0,0.0,False,False,0.0
CUST-0062,Mid-Market,DE,Facility Management,69,1059.93,12719.16,GPS Tracking|Digital Logbook|Fleet Analytics,3,New Logo,2023-05-05,20,2025-04-30,4,100.0,100.0,88.8,100.0,97.8,Green,95.2,100.0,1,0.517,0,4.1,1,10.0,100.0,194.65,False,False,0.0
CUST-0063,Mid-Market,DE,Gesundheitswesen,49,1037.13,12445.56,GPS Tracking|Digital Logbook|Fleet Analytics,3,Vimcar,2022-02-13,35,2025-01-30,1,100.0,100.0,94.8,100.0,99.0,Green,92.6,89.5,1,0.526,0,4.9,1,10.0,100.0,73.81,True,False,0.0
CUST-0064,Mid-Market,DE,Handwerk & Baugewerbe,59,1215.12,14581.44,GPS Tracking|Digital Logbook|Fleet Analytics,3,New Logo,2023-12-13,12,2025-12-26,12,100.0,100.0,92.5,48.0,90.7,Green,88.1,99.6,3,0.508,0,4.6,0,9.0,100.0,183.39,False,False,0.0
CUST-0065,Mid-Market,AT,Handwerk & Baugewerbe,56,999.93,11999.16,GPS Tracking|Digital Logbook|Fleet Analytics,3,New Logo,2023-07-30,17,2025-07-29,7,94.4,100.0,91.8,96.0,95.8,Green,90.6,96.8,1,0.701,0,4.5,1,9.0,100.0,181.06,False,False,0.0
CUST-0066,Mid-Market,CH,Baugewerbe,50,1081.47,12977.64,GPS Tracking|Digital Logbook|Fleet Analytics,3,Optimum Automotive,2021-03-16,46,2025-03-01,2,95.9,100.0,94.0,52.0,90.2,Green,92.9,80.5,1,0.588,0,4.8,0,10.0,100.0,0.0,True,False,0.0
CUST-0067,SMB,DE,Außendienst & Vertrieb,11,253.98,3047.76,GPS Tracking|Digital Logbook,2,New Logo,2023-05-22,19,2025-05-30,5,84.0,99.6,89.5,44.0,83.8,Green,97.3,73.2,1,0.417,0,4.2,0,8.0,98.2,0.0,False,False,0.0
CUST-0068,SMB,DE,Kommunaler Betrieb,17,347.43,4169.16,GPS Tracking|Digital Logbook,2,New Logo,2024-02-09,10,2025-03-01,2,71.2,73.0,50.8,20.0,60.0,Amber,58.4,33.1,1,0.193,2,3.9,0,2.0,64.3,0.0,True,True,4169.16
CUST-0069,SMB,DE,Facility Management,18,458.33,5499.96,GPS Tracking|Digital Logbook,2,New Logo,2024-02-26,10,2025-03-01,2,76.1,31.0,67.8,32.0,54.3,Amber,71.1,79.3,103,0.171,0,3.5,0,,56.2,0.0,True,True,5499.96
CUST-0070,SMB,CH,Logistik & Transport,15,320.98,3851.76,GPS Tracking|Digital Logbook,2,Vimcar,2022-01-27,35,2025-01-30,1,57.2,31.3,57.5,20.0,43.9,Amber,34.7,78.3,61,0.137,2,2.6,0,2.0,69.3,0.0,True,True,3851.76
CUST-0071,SMB,CH,Baugewerbe,11,277.87,3334.44,GPS Tracking|Digital Logbook,2,Optimum Automotive,2022-03-05,34,2025-03-01,2,60.9,64.5,47.8,32.0,55.0,Amber,75.0,47.8,5,0.179,2,3.5,0,,51.4,0.0,True,True,3334.44
CUST-0072,Enterprise,CH,Baugewerbe,356,5306.55,63678.6,GPS Tracking|Digital Logbook|Fleet Analytics|Driver Scoring,4,Avrios,2022-11-22,25,2025-11-26,11,98.3,100.0,91.8,80.0,94.8,Green,92.9,79.3,1,0.556,0,4.5,1,,100.0,1392.01,False,False,0.0
CUST-0073,Enterprise,AT,Außendienst & Vertrieb,245,4218.31,50619.72,GPS Tracking|Digital Logbook|Fleet Analytics,3,Vimcar,2020-11-04,50,2025-10-27,10,97.2,98.4,88.8,52.0,89.1,Green,91.8,89.0,3,0.689,0,4.1,0,10.0,93.7,948.19,False,False,0.0
CUST-0074,SMB,CH,Baugewerbe,3,63.55,762.6,GPS Tracking,1,Optimum Automotive,2022-04-08,33,2025-03-31,3,31.1,19.1,16.8,32.0,24.8,Red,33.2,,120,0.065,3,1.5,0,,45.7,0.0,True,True,762.6
CUST-0075,Mid-Market,DE,Außendienst & Vertrieb,45,986.35,11836.2,GPS Tracking|Digital Logbook|Fleet Analytics,3,New Logo,2021-03-07,46,2025-03-01,2,94.4,96.0,92.5,96.0,94.7,Green,93.6,89.6,4,0.477,0,4.6,1,9.0,100.0,0.0,True,False,0.0
CUST-0076,SMB,AT,Außendienst & Vertrieb,3,57.79,693.48,GPS Tracking,1,New Logo,2023-01-22,23,2025-01-30,1,73.9,22.9,55.5,28.0,48.0,Amber,52.2,,73,0.086,1,3.2,0,4.0,53.6,0.0,True,True,693.48
CUST-0077,Enterprise,DE,Gesundheitswesen,132,2000.55,24006.6,GPS Tracking|Digital Logbook|Fleet Analytics,3,Vimcar,2022-03-12,34,2025-03-01,2,91.7,100.0,99.2,80.0,93.9,Green,92.8,92.2,2,0.426,0,4.9,1,,100.0,0.0,True,False,0.0
CUST-0078,SMB,CH,Baugewerbe,6,112.49,1349.88,GPS Tracking|Digital Logbook,2,New Logo,2023-06-08,19,2025-05-30,5,62.8,91.6,75.0,36.0,69.9,Amber,60.5,93.0,6,0.45,1,4.6,0,6.0,82.3,0.0,False,False,0.0
CUST-0079,SMB,AT,Außendienst & Vertrieb,4,106.07,1272.84,GPS Tracking,1,New Logo,2022-10-15,26,2025-10-27,10,59.2,28.6,53.2,32.0,44.7,Amber,63.1,,68,0.138,1,2.9,0,,58.1,0.0,False,False,0.0
CUST-0080,SMB,CH,Außendienst & Vertrieb,19,348.82,4185.84,GPS Tracking|Digital Logbook,2,Optimum Automotive,2024-07-14,5,2025-07-29,7,28.1,12.8,55.8,16.0,27.2,Red,24.3,43.9,68,0.033,0,2.7,0,1.0,31.7,0.0,False,False,0.0
CUST-0081,Mid-Market,AT,Handwerk & Baugewerbe,35,707.96,8495.52,GPS Tracking|Digital Logbook|Fleet Analytics,3,New Logo,2022-05-28,31,2025-05-30,5,88.9,100.0,91.8,100.0,94.5,Green,100.0,98.4,2,0.422,0,4.5,1,10.0,100.0,0.0,False,False,0.0
CUST-0082,SMB,DE,Handwerk & Baugewerbe,16,314.62,3775.44,GPS Tracking|Digital Logbook,2,New Logo,2023-03-29,21,2025-03-31,3,57.6,62.9,67.5,32.0,57.3,Amber,59.3,55.5,25,0.337,1,3.6,0,,61.5,0.0,True,True,3775.44
CUST-0083,Mid-Market,AT,Außendienst & Vertrieb,41,843.49,10121.88,GPS Tracking|Digital Logbook|Fleet Analytics,3,New Logo,2023-03-12,22,2025-03-01,2,97.2,100.0,94.0,96.0,97.2,Green,96.4,75.6,3,0.484,0,4.8,1,9.0,100.0,0.0,True,False,0.0
CUST-0084,Enterprise,DE,Logistik & Transport,155,2087.1,25045.2,GPS Tracking|Digital Logbook|Fleet Analytics|Driver Scoring,4,Avrios,2022-06-12,31,2025-05-30,5,100.0,100.0,100.0,100.0,100.0,Green,92.7,100.0,2,0.621,0,5.0,1,10.0,100.0,0.0,False,False,0.0
CUST-0085,SMB,CH,Facility Management,7,131.53,1578.36,GPS Tracking|Digital Logbook,2,Avrios,2022-10-10,27,2025-09-27,9,68.2,60.9,55.2,32.0,58.0,Amber,56.1,84.4,15,0.257,2,3.3,0,5.0,81.5,0.0,False,False,0.0
CUST-0086,SMB,CH,Außendienst & Vertrieb,17,461.18,5534.16,GPS Tracking|Digital Logbook,2,Optimum Automotive,2024-02-12,10,2025-03-01,2,59.4,34.4,66.0,20.0,47.3,Amber,62.6,26.3,120,0.223,1,3.4,0,2.0,51.7,0.0,True,True,5534.16
CUST-0087,Enterprise,DE,Facility Management,316,4276.1,51313.2,GPS Tracking|Digital Logbook|Fleet Analytics|Driver Scoring,4,New Logo,2024-09-13,3,2025-09-27,9,86.4,74.6,77.5,84.0,80.7,Green,71.6,77.9,7,0.283,0,3.6,1,6.0,55.3,0.0,False,False,0.0
CUST-0088,SMB,AT,Facility Management,19,372.02,4464.24,GPS Tracking|Digital Logbook,2,New Logo,2022-06-11,31,2025-05-30,5,91.7,98.8,90.2,32.0,84.6,Green,92.1,100.0,1,0.591,0,4.3,0,,95.1,53.71,False,False,0.0
CUST-0089,SMB,DE,Logistik & Transport,15,373.55,4482.6,GPS Tracking|Digital Logbook,2,Optimum Automotive,2022-05-11,32,2025-04-30,4,87.0,64.6,85.0,36.0,72.2,Green,74.4,80.9,55,0.387,0,4.6,0,6.0,90.8,0.0,False,False,0.0
CUST-0090,SMB,DE,Kommunaler Betrieb,14,371.47,4457.64,GPS Tracking|Digital Logbook,2,Optimum Automotive,2024-04-27,8,2025-04-30,4,69.8,40.0,67.0,32.0,54.6,Amber,50.6,44.7,20,0.093,0,2.2,0,,55.3,0.0,False,False,0.0
CUST-0091,SMB,AT,Außendienst & Vertrieb,13,308.73,3704.76,GPS Tracking|Digital Logbook,2,Vimcar,2023-04-07,21,2025-03-31,3,50.9,47.5,47.0,36.0,46.9,Amber,43.0,39.2,18,0.203,2,3.4,0,6.0,46.9,0.0,True,True,3704.76
CUST-0092,Mid-Market,DE,Gesundheitswesen,38,572.15,6865.8,GPS Tracking|Digital Logbook|Fleet Analytics,3,New Logo,2024-07-24,5,2025-07-29,7,64.5,49.1,49.5,80.0,59.2,Amber,52.4,51.4,36,0.297,1,2.4,1,,60.5,0.0,False,False,0.0
CUST-0093,Mid-Market,DE,Logistik & Transport,52,1083.15,12997.8,GPS Tracking|Digital Logbook|Fleet Analytics,3,New Logo,2023-03-26,21,2025-03-31,3,96.8,88.0,94.0,92.0,92.9,Green,96.2,83.7,13,0.533,0,4.8,1,8.0,100.0,0.0,True,False,0.0
CUST-0094,SMB,DE,Gesundheitswesen,13,262.47,3149.64,GPS Tracking|Digital Logbook,2,New Logo,2023-11-08,13,2025-11-26,11,72.6,74.5,79.0,44.0,70.2,Green,68.6,58.5,15,0.435,0,3.8,0,8.0,85.9,0.0,False,False,0.0
CUST-0095,SMB,DE,Außendienst & Vertrieb,6,145.69,1748.28,GPS Tracking|Digital Logbook,2,New Logo,2024-09-12,3,2025-09-27,9,45.2,19.8,40.2,32.0,34.6,Red,45.6,56.7,34,0.09,2,2.5,0,,15.5,0.0,False,False,0.0
CUST-0096,SMB,CH,Außendienst & Vertrieb,3,71.39,856.68,GPS Tracking,1,Vimcar,2024-03-07,9,2025-03-31,3,21.7,14.4,15.5,32.0,19.8,Red,23.1,,58,0.0,8,2.4,0,,25.6,0.0,True,True,856.68
CUST-0097,Enterprise,CH,Außendienst & Vertrieb,248,4088.25,49059.0,GPS Tracking|Digital Logbook|Fleet Analytics|Driver Scoring,4,Optimum Automotive,2023-10-09,14,2025-10-27,10,100.0,96.0,94.0,80.0,94.6,Green,97.4,98.4,5,0.533,0,4.8,1,,100.0,0.0,False,False,0.0
CUST-0098,SMB,DE,Facility Management,18,414.32,4971.84,GPS Tracking|Digital Logbook,2,New Logo,2023-05-23,19,2025-05-30,5,95.8,98.2,91.8,32.0,86.1,Green,88.5,86.1,2,0.4,0,4.5,0,,93.0,0.0,False,False,0.0
CUST-0099,Enterprise,DE,Handwerk & Baugewerbe,327,5822.01,69864.12,GPS Tracking|Digital Logbook|Fleet Analytics,3,New Logo,2023-02-06,23,2025-01-30,1,100.0,100.0,84.0,80.0,93.8,Green,88.6,100.0,1,0.575,1,4.8,1,,100.0,0.0,True,False,0.0
CUST-0100,Enterprise,DE,Gesundheitswesen,320,5688.76,68265.12,GPS Tracking|Digital Logbook|Fleet Analytics,3,New Logo,2023-12-19,12,2025-12-26,12,100.0,96.6,91.8,80.0,94.3,Green,92.2,91.0,1,0.447,0,4.5,1,,86.5,0.0,False,False,0.0
CUST-0101,SMB,CH,Baugewerbe,14,387.42,4649.04,GPS Tracking|Digital Logbook,2,Vimcar,2022-11-13,25,2025-11-26,11,72.9,22.4,37.0,32.0,44.4,Amber,59.5,78.9,43,0.01,3,3.4,0,,54.2,0.0,False,False,0.0
CUST-0102,Mid-Market,DE,Gesundheitswesen,21,353.88,4246.56,GPS Tracking|Digital Logbook|Fleet Analytics,3,New Logo,2024-02-22,10,2025-03-01,2,97.2,88.0,100.0,32.0,85.2,Green,98.5,100.0,11,0.435,0,5.0,0,,100.0,0.0,True,False,0.0
CUST-0103,Mid-Market,CH,Außendienst & Vertrieb,68,1340.03,16080.36,GPS Tracking|Digital Logbook|Fleet Analytics,3,Avrios,2021-07-23,41,2025-07-29,7,93.8,100.0,93.2,80.0,93.5,Green,93.2,82.9,1,0.425,0,4.7,1,,100.0,0.0,False,False,0.0
CUST-0104,SMB,DE,Kommunaler Betrieb,5,123.74,1484.88,GPS Tracking|Digital Logbook,2,Vimcar,2022-04-11,33,2025-03-31,3,90.7,60.4,81.2,32.0,70.9,Green,74.4,65.2,37,0.352,0,4.1,0,5.0,86.6,0.0,True,False,0.0
CUST-0105,SMB,CH,Baugewerbe,12,325.83,3909.96,GPS Tracking|Digital Logbook,2,New Logo,2023-09-05,16,2025-08-28,8,80.3,80.4,76.8,44.0,74.2,Green,76.4,54.0,2,0.212,0,3.5,0,8.0,87.4,0.0,False,False,0.0
CUST-0106,Mid-Market,DE,Logistik & Transport,79,1572.7,18872.4,GPS Tracking|Digital Logbook|Fleet Analytics,3,Avrios,2021-03-13,46,2025-03-01,2,94.4,100.0,100.0,100.0,98.0,Green,87.6,94.4,2,0.65,0,5.0,1,10.0,100.0,381.11,True,False,0.0
CUST-0107,SMB,CH,Logistik & Transport,3,82.39,988.68,GPS Tracking,1,New Logo,2023-03-19,21,2025-03-31,3,29.6,58.2,28.8,32.0,38.4,Red,22.7,,2,0.128,3,3.1,0,,27.8,0.0,True,True,988.68
CUST-0108,SMB,DE,Facility Management,5,101.74,1220.88,GPS Tracking|Digital Logbook,2,New Logo,2024-02-28,10,2025-03-01,2,67.7,38.6,49.5,36.0,50.6,Amber,65.5,48.5,15,0.092,1,2.4,0,6.0,50.3,0.0,True,True,1220.88
CUST-0109,SMB,DE,Gesundheitswesen,19,421.63,5059.56,GPS Tracking|Digital Logbook,2,New Logo,2024-01-20,11,2025-01-30,1,66.7,64.6,70.8,28.0,61.1,Amber,57.3,34.2,8,0.242,0,3.9,0,4.0,61.7,0.0,True,True,5059.56
CUST-0110,Enterprise,DE,Handwerk & Baugewerbe,131,2227.28,26727.36,GPS Tracking|Digital Logbook|Fleet Analytics|Driver Scoring,4,Avrios,2021-04-21,45,2025-03-31,3,100.0,96.0,95.5,96.0,97.3,Green,95.4,92.8,6,0.655,0,5.0,1,9.0,100.0,0.0,True,False,0.0
CUST-0111,Enterprise,AT,Handwerk & Baugewerbe,270,3591.98,43103.76,GPS Tracking|Digital Logbook|Fleet Analytics|Driver Scoring,4,New Logo,2022-04-06,33,2025-03-31,3,100.0,96.0,91.0,80.0,94.0,Green,93.2,100.0,5,0.768,0,4.4,1,,100.0,0.0,True,False,0.0
CUST-0112,SMB,DE,Facility Management,13,304.78,3657.36,GPS Tracking|Digital Logbook,2,Vimcar,2022-11-28,25,2025-11-26,11,89.7,83.2,79.0,36.0,77.6,Green,67.2,77.1,13,0.453,0,3.8,0,6.0,81.0,0.0,False,False,0.0
CUST-0113,SMB,DE,Logistik & Transport,8,221.46,2657.52,GPS Tracking|Digital Logbook,2,Vimcar,2022-05-15,32,2025-04-30,4,88.2,60.8,61.8,40.0,67.5,Amber,67.5,71.4,25,0.269,0,2.7,0,7.0,77.1,0.0,False,False,0.0
CUST-0114,SMB,DE,Logistik & Transport,2,37.01,444.12,GPS Tracking,1,Optimum Automotive,2023-01-18,23,2025-01-30,1,70.2,33.4,28.0,24.0,43.8,Amber,66.0,,120,0.258,4,3.0,0,3.0,35.1,0.0,True,True,444.12
CUST-0115,Enterprise,DE,Logistik & Transport,370,4895.56,58746.72,GPS Tracking|Digital Logbook|Fleet Analytics,3,Optimum Automotive,2020-02-07,59,2025-01-30,1,94.4,88.0,85.5,80.0,88.5,Green,97.1,92.9,9,0.495,1,5.0,1,,100.0,0.0,True,False,0.0
CUST-0116,Enterprise,DE,Facility Management,200,2794.27,33531.24,GPS Tracking|Digital Logbook|Fleet Analytics|Driver Scoring,4,New Logo,2023-12-05,13,2025-11-26,11,100.0,86.3,90.2,80.0,90.9,Green,96.2,86.0,1,0.265,0,4.3,1,,92.3,0.0,False,False,0.0
CUST-0117,SMB,DE,Handwerk & Baugewerbe,6,167.25,2007.0,GPS Tracking|Digital Logbook,2,New Logo,2023-07-07,18,2025-06-29,6,89.0,30.8,72.2,32.0,59.6,Amber,82.4,61.9,70,0.124,0,2.9,0,5.0,71.8,0.0,False,False,0.0
CUST-0118,Mid-Market,AT,Logistik & Transport,63,1327.1,15925.2,GPS Tracking|Digital Logbook|Fleet Analytics,3,Vimcar,2024-02-06,10,2025-03-01,2,76.4,54.6,75.2,80.0,70.2,Green,81.0,61.5,19,0.237,0,3.3,1,,63.3,0.0,True,False,0.0
CUST-0119,Mid-Market,DE,Logistik & Transport,58,1001.45,12017.4,GPS Tracking|Digital Logbook|Fleet Analytics,3,New Logo,2023-11-11,13,2025-11-26,11,100.0,91.2,89.5,88.0,93.5,Green,98.5,85.9,7,0.37,0,4.2,1,7.0,91.5,0.0,False,False,0.0
CUST-0120,SMB,CH,Außendienst & Vertrieb,15,348.91,4186.92,GPS Tracking|Digital Logbook,2,New Logo,2024-07-24,5,2025-07-29,7,53.5,30.0,21.2,16.0,34.4,Red,48.2,37.1,24,0.072,3,2.1,0,1.0,22.8,0.0,False,False,0.0
CUST-0121,Mid-Market,DE,Kommunaler Betrieb,53,1015.25,12183.0,GPS Tracking|Digital Logbook|Fleet Analytics,3,Avrios,2022-04-21,32,2025-04-30,4,98.6,95.2,91.8,80.0,93.4,Green,88.7,80.2,5,0.609,0,4.5,1,,96.9,0.0,False,False,0.0
CUST-0122,SMB,AT,Handwerk & Baugewerbe,3,75.82,909.84,GPS Tracking,1,New Logo,2023-03-25,21,2025-03-31,3,54.7,46.4,29.0,32.0,43.7,Amber,58.3,,22,0.161,5,3.4,0,,57.2,0.0,True,True,909.84
CUST-0123,Mid-Market,AT,Handwerk & Baugewerbe,24,527.76,6333.12,GPS Tracking|Digital Logbook|Fleet Analytics,3,Avrios,2022-08-02,29,2025-07-29,7,100.0,83.6,89.5,96.0,92.4,Green,92.6,94.8,4,0.286,0,4.2,1,9.0,90.3,0.0,False,False,0.0
CUST-0124,SMB,AT,Handwerk & Baugewerbe,17,427.11,5125.32,GPS Tracking|Digital Logbook,2,Vimcar,2022-06-07,31,2025-05-30,5,89.1,68.2,72.2,32.0,70.9,Green,75.0,72.9,16,0.336,0,2.9,0,,83.3,0.0,False,False,0.0
CUST-0125,SMB,DE,Kommunaler Betrieb,12,289.0,3468.0,GPS Tracking|Digital Logbook,2,Avrios,2024-07-20,5,2025-07-29,7,47.7,28.2,50.5,12.0,37.1,Red,46.4,49.4,110,0.218,0,1.2,0,0.0,28.5,0.0,False,False,0.0
CUST-0126,SMB,DE,Kommunaler Betrieb,20,469.67,5636.04,GPS Tracking|Digital Logbook,2,New Logo,2023-02-05,23,2025-01-30,1,74.4,57.5,71.5,32.0,62.4,Amber,59.0,90.7,9,0.125,0,4.0,0,,74.1,0.0,True,True,5636.04
CUST-0127,SMB,AT,Handwerk & Baugewerbe,18,377.08,4524.96,GPS Tracking|Digital Logbook,2,Avrios,2022-01-31,35,2025-01-30,1,91.1,69.4,71.5,32.0,71.8,Green,65.8,99.9,14,0.248,0,2.8,0,,78.9,0.0,True,False,0.0
CUST-0128,Enterprise,DE,Logistik & Transport,139,2379.23,28550.76,GPS Tracking|Digital Logbook|Fleet Analytics|Driver Scoring,4,Optimum Automotive,2021-02-07,47,2025-01-30,1,97.6,96.0,82.8,80.0,91.5,Green,76.1,92.9,7,0.468,0,4.3,1,,100.0,0.0,True,False,0.0
CUST-0129,Enterprise,DE,Außendienst & Vertrieb,301,4427.51,53130.12,GPS Tracking|Digital Logbook|Fleet Analytics|Driver Scoring,4,New Logo,2023-06-23,18,2025-06-29,6,92.6,89.6,90.2,96.0,91.7,Green,86.6,81.0,5,0.372,0,4.3,1,9.0,84.0,1218.98,False,False,0.0
CUST-0130,Mid-Market,AT,Facility Management,47,945.04,11340.48,GPS Tracking|Digital Logbook|Fleet Analytics,3,New Logo,2023-01-31,23,2025-01-30,1,88.9,78.0,86.5,32.0,76.6,Green,94.4,91.8,10,0.34,0,3.8,0,,80.8,0.0,True,False,0.0
CUST-0131,SMB,AT,Handwerk & Baugewerbe,13,357.97,4295.64,GPS Tracking|Digital Logbook,2,Vimcar,2022-04-05,33,2025-03-31,3,72.7,68.5,68.2,44.0,66.2,Amber,72.9,49.7,16,0.312,1,3.7,0,8.0,92.7,0.0,True,True,4295.64
CUST-0132,SMB,DE,Kommunaler Betrieb,4,89.28,1071.36,GPS Tracking,1,Optimum Automotive,2022-10-30,26,2025-10-27,10,78.2,34.2,35.5,32.0,49.5,Amber,56.7,,81,0.218,4,3.2,0,5.0,52.4,0.0,False,False,0.0
CUST-0133,Enterprise,DE,Außendienst & Vertrieb,111,1722.59,20671.08,GPS Tracking|Digital Logbook|Fleet Analytics|Driver Scoring,4,Avrios,2021-08-09,41,2025-07-29,7,95.8,90.1,78.2,44.0,82.8,Green,81.8,90.5,4,0.333,0,3.7,0,8.0,100.0,174.78,False,False,0.0
CUST-0134,Enterprise,DE,Handwerk & Baugewerbe,262,4517.31,54207.72,GPS Tracking|Digital Logbook|Fleet Analytics|Driver Scoring,4,Avrios,2020-07-19,54,2025-06-29,6,92.5,100.0,85.0,32.0,84.2,Green,89.1,73.6,1,0.445,0,3.6,0,,100.0,927.15,False,False,0.0
CUST-0135,SMB,DE,Kommunaler Betrieb,11,264.05,3168.6,GPS Tracking|Digital Logbook,2,Vimcar,2022-12-12,25,2025-11-26,11,75.7,68.2,81.2,32.0,68.0,Amber,74.4,88.8,13,0.2,0,4.1,0,5.0,90.6,0.0,False,False,0.0
CUST-0136,SMB,DE,Handwerk & Baugewerbe,8,156.38,1876.56,GPS Tracking|Digital Logbook,2,Vimcar,2022-03-20,33,2025-03-31,3,49.3,74.8,61.5,20.0,55.0,Amber,58.6,43.2,3,0.236,1,2.8,0,2.0,56.8,0.0,True,True,1876.56
CUST-0137,SMB,DE,Facility Management,13,343.9,4126.8,GPS Tracking|Digital Logbook,2,Vimcar,2022-11-10,26,2025-10-27,10,65.9,60.2,72.2,32.0,60.4,Amber,65.1,71.7,42,0.326,0,2.9,0,5.0,94.9,0.0,False,False,0.0
CUST-0138,Mid-Market,DE,Kommunaler Betrieb,57,945.24,11342.88,GPS Tracking|Digital Logbook|Fleet Analytics,3,Optimum Automotive,2022-06-07,31,2025-05-30,5,94.4,92.9,89.5,80.0,90.8,Green,96.0,86.3,6,0.394,0,4.2,1,,89.6,0.0,False,False,0.0
CUST-0139,Mid-Market,CH,Außendienst & Vertrieb,60,1183.49,14201.88,GPS Tracking|Digital Logbook|Fleet Analytics,3,Vimcar,2021-09-18,40,2025-08-28,8,96.6,81.0,82.8,96.0,89.1,Green,80.6,73.6,8,0.347,0,4.3,1,9.0,90.7,127.58,False,False,0.0
CUST-0140,SMB,AT,Facility Management,2,39.61,475.32,GPS Tracking,1,New Logo,2023-03-10,22,2025-03-01,2,91.7,65.8,37.8,32.0,64.2,Amber,82.8,,3,0.127,3,2.3,0,,58.9,0.0,True,True,475.32
CUST-0141,SMB,CH,Baugewerbe,2,39.63,475.56,GPS Tracking,1,New Logo,2024-02-12,10,2025-03-01,2,26.3,10.5,11.8,24.0,18.3,Red,28.1,,120,0.0,5,1.9,0,3.0,34.1,0.0,True,True,475.56
CUST-0142,SMB,DE,Kommunaler Betrieb,4,77.67,932.04,GPS Tracking,1,Vimcar,2024-09-30,3,2025-09-27,9,47.7,21.8,45.0,32.0,37.0,Red,50.9,,120,0.137,1,1.8,0,,31.3,0.0,False,False,0.0
CUST-0143,SMB,DE,Facility Management,8,174.1,2089.2,GPS Tracking|Digital Logbook,2,Vimcar,2022-05-17,31,2025-05-30,5,80.9,54.1,47.0,44.0,60.5,Amber,62.7,86.8,34,0.297,2,2.2,0,8.0,80.3,0.0,False,False,0.0
CUST-0144,Enterprise,DE,Handwerk & Baugewerbe,240,3919.1,47029.2,GPS Tracking|Digital Logbook|Fleet Analytics|Driver Scoring,4,New Logo,2020-05-26,56,2025-04-30,4,91.6,100.0,73.5,92.0,90.6,Green,86.4,77.6,1,0.406,1,3.4,1,8.0,100.0,990.66,False,False,0.0
CUST-0145,SMB,DE,Facility Management,6,117.44,1409.28,GPS Tracking|Digital Logbook,2,New Logo,2024-08-22,4,2025-08-28,8,46.1,38.8,61.8,32.0,44.9,Amber,43.7,49.8,36,0.24,0,2.7,0,,39.3,0.0,False,False,0.0
CUST-0146,SMB,DE,Außendienst & Vertrieb,16,393.91,4726.92,GPS Tracking|Digital Logbook,2,Avrios,2022-03-13,34,2025-03-01,2,87.4,41.3,75.2,40.0,64.0,Amber,85.4,70.5,82,0.224,0,3.3,0,7.0,78.7,0.0,True,True,4726.92
CUST-0147,SMB,DE,Außendienst & Vertrieb,10,201.56,2418.72,GPS Tracking|Digital Logbook,2,Vimcar,2022-01-17,35,2025-01-30,1,84.5,50.0,63.0,32.0,62.0,Amber,68.5,70.8,33,0.28,1,3.0,0,5.0,70.2,0.0,True,True,2418.72
CUST-0148,Mid-Market,DE,Kommunaler Betrieb,28,475.52,5706.24,GPS Tracking|Digital Logbook|Fleet Analytics,3,Avrios,2021-01-12,48,2025-12-26,12,98.6,86.7,72.0,92.0,88.7,Green,84.7,80.3,1,0.283,1,3.2,1,8.0,87.6,0.0,False,False,0.0
CUST-0149,SMB,AT,Handwerk & Baugewerbe,11,203.0,2436.0,GPS Tracking|Digital Logbook,2,New Logo,2022-09-14,27,2025-09-27,9,83.3,96.9,93.2,48.0,84.1,Green,82.7,86.0,1,0.418,0,4.7,0,9.0,87.5,27.56,False,False,0.0
CUST-0150,SMB,DE,Facility Management,2,40.09,481.08,GPS Tracking,1,New Logo,2023-09-26,15,2025-09-27,9,58.1,59.1,58.2,32.0,54.5,Amber,53.1,,6,0.087,2,3.7,0,5.0,61.8,0.0,False,False,0.0
CUST-0151,Enterprise,DE,Logistik & Transport,229,3198.84,38386.08,GPS Tracking|Digital Logbook|Fleet Analytics|Driver Scoring,4,New Logo,2024-09-17,3,2025-09-27,9,84.1,44.3,70.5,40.0,62.8,Amber,70.1,59.0,23,0.12,1,4.0,0,7.0,63.2,0.0,False,False,0.0
CUST-0152,Mid-Market,DE,Gesundheitswesen,45,842.76,10113.12,GPS Tracking|Digital Logbook|Fleet Analytics,3,New Logo,2023-07-19,17,2025-07-29,7,97.2,93.7,89.5,92.0,93.8,Green,94.5,95.1,7,0.48,0,4.2,1,8.0,90.8,0.0,False,False,0.0
CUST-0153,SMB,DE,Außendienst & Vertrieb,13,243.37,2920.44,GPS Tracking|Digital Logbook,2,New Logo,2024-09-06,3,2025-09-27,9,56.5,46.8,41.2,16.0,44.5,Amber,62.1,31.7,5,0.043,1,1.3,0,1.0,28.0,0.0,False,False,0.0
CUST-0154,SMB,CH,Baugewerbe,4,106.48,1277.76,GPS Tracking,1,Avrios,2022-07-06,30,2025-06-29,6,65.1,33.9,65.5,24.0,49.7,Amber,69.4,,41,0.135,0,3.2,0,3.0,56.5,0.0,False,False,0.0
CUST-0155,SMB,AT,Logistik & Transport,11,210.67,2528.04,GPS Tracking|Digital Logbook,2,New Logo,2024-10-20,2,2025-10-27,10,38.8,55.2,34.0,32.0,41.7,Amber,51.9,21.7,14,0.23,3,3.0,0,,28.2,0.0,False,False,0.0
CUST-0156,SMB,DE,Handwerk & Baugewerbe,16,421.12,5053.44,GPS Tracking|Digital Logbook,2,Vimcar,2022-11-21,25,2025-11-26,11,94.0,57.0,59.2,32.0,66.6,Amber,88.2,78.8,21,0.244,1,2.5,0,,70.8,0.0,False,False,0.0
CUST-0157,SMB,DE,Außendienst & Vertrieb,9,201.21,2414.52,GPS Tracking|Digital Logbook,2,Avrios,2022-09-03,28,2025-08-28,8,82.3,47.1,46.0,40.0,58.1,Amber,90.5,53.0,43,0.252,4,3.4,0,7.0,68.3,0.0,False,False,0.0
CUST-0158,Mid-Market,DE,Logistik & Transport,76,1305.07,15660.84,GPS Tracking|Digital Logbook|Fleet Analytics,3,Vimcar,2022-12-07,25,2025-11-26,11,100.0,78.5,87.2,92.0,89.8,Green,95.6,87.1,11,0.296,0,3.9,1,8.0,98.5,173.13,False,False,0.0
CUST-0159,SMB,DE,Logistik & Transport,4,92.42,1109.04,GPS Tracking,1,New Logo,2024-04-12,8,2025-04-30,4,62.3,51.7,34.2,32.0,49.0,Amber,48.7,,26,0.229,2,1.7,0,5.0,54.8,0.0,False,False,0.0
CUST-0160,SMB,DE,Logistik & Transport,13,279.64,3355.68,GPS Tracking|Digital Logbook,2,Optimum Automotive,2024-02-03,11,2025-01-30,1,82.3,69.7,38.5,32.0,62.2,Amber,64.0,58.7,6,0.247,3,3.6,0,,48.5,0.0,True,True,3355.68
CUST-0161,SMB,AT,Handwerk & Baugewerbe,10,199.73,2396.76,GPS Tracking|Digital Logbook,2,New Logo,2024-01-23,11,2025-01-30,1,47.9,26.8,46.2,24.0,37.6,Red,49.9,56.7,50,0.06,2,2.1,0,3.0,54.1,0.0,True,True,2396.76
CUST-0162,Mid-Market,AT,Außendienst & Vertrieb,32,693.09,8317.08,GPS Tracking|Digital Logbook|Fleet Analytics,3,Avrios,2021-04-25,44,2025-04-30,4,88.0,69.7,87.2,96.0,83.5,Green,83.3,72.7,10,0.191,0,4.9,1,9.0,100.0,0.0,False,False,0.0
CUST-0163,SMB,AT,Facility Management,20,488.6,5863.2,GPS Tracking|Digital Logbook,2,New Logo,2023-02-09,23,2025-01-30,1,78.2,83.9,65.2,32.0,70.4,Green,65.2,84.7,1,0.225,1,4.5,0,,97.0,0.0,True,False,0.0
CUST-0164,Enterprise,DE,Facility Management,158,2312.9,27754.8,GPS Tracking|Digital Logbook|Fleet Analytics,3,Avrios,2022-02-15,35,2025-01-30,1,100.0,99.8,81.2,80.0,93.2,Green,98.4,95.0,2,0.459,0,4.1,1,,99.4,0.0,True,False,0.0
CUST-0165,Enterprise,DE,Handwerk & Baugewerbe,383,4725.08,56700.96,GPS Tracking|Digital Logbook|Fleet Analytics|Driver Scoring,4,Vimcar,2021-11-28,37,2025-11-26,11,100.0,63.8,84.2,92.0,84.8,Green,83.3,89.4,12,0.123,0,3.5,1,8.0,100.0,0.0,False,False,0.0
CUST-0166,SMB,DE,Handwerk & Baugewerbe,3,65.06,780.72,GPS Tracking,1,Vimcar,2023-04-24,20,2025-04-30,4,59.0,40.3,31.0,32.0,43.7,Amber,54.0,,34,0.199,3,2.6,0,,59.6,0.0,False,False,0.0
CUST-0167,SMB,DE,Kommunaler Betrieb,18,393.21,4718.52,GPS Tracking|Digital Logbook,2,New Logo,2024-09-08,3,2025-09-27,9,35.7,35.0,24.2,16.0,30.2,Red,54.8,5.0,29,0.115,4,1.7,0,1.0,27.6,0.0,False,False,0.0
CUST-0168,Mid-Market,DE,Logistik & Transport,62,1011.7,12140.4,GPS Tracking|Digital Logbook|Fleet Analytics,3,Avrios,2021-06-11,43,2025-05-30,5,98.4,95.7,84.2,48.0,87.2,Green,88.4,79.6,5,0.397,0,4.5,0,9.0,100.0,0.0,False,False,0.0
CUST-0169,SMB,AT,Handwerk & Baugewerbe,3,67.52,810.24,GPS Tracking,1,New Logo,2022-12-29,24,2025-12-26,12,55.6,75.2,51.8,32.0,57.2,Amber,59.3,,5,0.257,1,2.7,0,,66.8,0.0,False,False,0.0
CUST-0170,SMB,DE,Außendienst & Vertrieb,18,440.3,5283.6,GPS Tracking|Digital Logbook,2,Optimum Automotive,2024-09-12,3,2025-09-27,9,30.4,34.3,23.0,32.0,30.3,Red,25.7,20.4,20,0.117,2,1.0,0,,24.1,0.0,False,False,0.0
CUST-0171,Enterprise,DE,Facility Management,305,4619.05,55428.6,GPS Tracking|Digital Logbook|Fleet Analytics,3,Vimcar,2021-05-03,44,2025-04-30,4,94.4,100.0,88.0,92.0,94.4,Green,91.3,89.8,1,0.425,0,4.0,1,8.0,100.0,0.0,False,False,0.0
CUST-0172,Mid-Market,DE,Handwerk & Baugewerbe,45,803.76,9645.12,GPS Tracking|Digital Logbook|Fleet Analytics,3,Optimum Automotive,2022-12-10,25,2025-11-26,11,95.0,82.9,87.2,92.0,89.4,Green,90.8,67.9,4,0.264,0,3.9,1,8.0,95.1,0.0,False,False,0.0
CUST-0173,SMB,DE,Außendienst & Vertrieb,12,223.91,2686.92,GPS Tracking|Digital Logbook,2,New Logo,2024-05-22,7,2025-05-30,5,86.4,67.3,63.8,40.0,69.2,Amber,64.7,71.2,14,0.25,1,3.1,0,7.0,69.7,0.0,False,False,0.0
CUST-0174,Mid-Market,AT,Logistik & Transport,39,653.79,7845.48,GPS Tracking|Digital Logbook|Fleet Analytics,3,New Logo,2021-02-26,46,2025-03-01,2,92.3,96.0,86.5,80.0,90.4,Green,78.4,81.1,4,0.601,0,4.8,1,,100.0,0.0,True,False,0.0
CUST-0175,Mid-Market,DE,Facility Management,42,653.96,7847.52,GPS Tracking|Digital Logbook|Fleet Analytics,3,Vimcar,2021-02-11,47,2025-01-30,1,94.2,81.2,79.8,44.0,79.9,Green,86.3,74.6,12,0.335,0,3.9,0,8.0,95.6,0.0,True,False,0.0
CUST-0176,SMB,DE,Gesundheitswesen,11,304.45,3653.4,GPS Tracking|Digital Logbook,2,Vimcar,2022-09-21,27,2025-09-27,9,69.9,78.4,67.5,44.0,68.1,Amber,59.0,69.7,12,0.331,1,3.6,0,8.0,85.6,0.0,False,False,0.0
CUST-0177,SMB,AT,Facility Management,4,84.38,1012.56,GPS Tracking,1,Avrios,2022-10-22,26,2025-10-27,10,43.1,44.7,32.5,32.0,39.8,Red,46.0,,56,0.295,4,2.8,0,,43.4,0.0,False,False,0.0
CUST-0178,SMB,DE,Außendienst & Vertrieb,6,148.21,1778.52,GPS Tracking|Digital Logbook,2,New Logo,2024-05-24,7,2025-05-30,5,84.4,56.0,64.5,32.0,64.0,Amber,79.7,75.2,31,0.363,1,3.2,0,,65.1,0.0,False,False,0.0
CUST-0179,SMB,AT,Logistik & Transport,18,389.13,4669.56,GPS Tracking|Digital Logbook,2,Vimcar,2022-11-20,25,2025-11-26,11,86.6,51.8,54.0,44.0,63.2,Amber,74.7,79.1,19,0.164,1,3.0,0,8.0,77.7,0.0,False,False,0.0
CUST-0180,SMB,AT,Logistik & Transport,12,329.72,3956.64,GPS Tracking|Digital Logbook,2,Vimcar,2022-03-12,34,2025-03-01,2,91.8,84.7,69.0,32.0,76.1,Green,75.9,65.8,3,0.283,1,3.8,0,,79.9,0.0,True,False,0.0
CUST-0181,Mid-Market,DE,Kommunaler Betrieb,30,466.2,5594.4,GPS Tracking|Digital Logbook|Fleet Analytics,3,New Logo,2024-04-08,8,2025-04-30,4,100.0,99.1,89.5,92.0,96.4,Green,87.6,85.0,3,0.435,0,4.2,1,8.0,96.5,51.56,False,False,0.0
CUST-0182,Mid-Market,DE,Facility Management,74,1492.62,17911.44,GPS Tracking|Digital Logbook|Fleet Analytics,3,Vimcar,2021-11-19,37,2025-11-26,11,92.8,100.0,88.0,96.0,94.5,Green,72.6,76.2,1,0.484,0,4.0,1,9.0,100.0,0.0,False,False,0.0
CUST-0183,Enterprise,DE,Gesundheitswesen,397,5076.16,60913.92,GPS Tracking|Digital Logbook|Fleet Analytics,3,Vimcar,2022-08-23,28,2025-08-28,8,92.5,96.0,89.5,96.0,93.5,Green,82.0,59.4,7,0.526,0,4.2,1,9.0,100.0,0.0,False,False,0.0
CUST-0184,SMB,CH,Facility Management,7,176.48,2117.76,GPS Tracking|Digital Logbook,2,New Logo,2024-09-03,3,2025-09-27,9,37.6,28.0,13.8,20.0,27.3,Red,39.9,43.2,25,0.034,3,1.1,0,2.0,28.1,0.0,False,False,0.0
CUST-0185,SMB,DE,Logistik & Transport,16,385.7,4628.4,GPS Tracking|Digital Logbook,2,Vimcar,2022-05-27,31,2025-05-30,5,79.0,80.7,55.8,36.0,68.4,Amber,73.1,95.5,1,0.212,4,3.7,0,6.0,88.7,0.0,False,False,0.0
CUST-0186,SMB,DE,Logistik & Transport,11,304.22,3650.64,GPS Tracking|Digital Logbook,2,New Logo,2022-04-16,33,2025-03-31,3,91.5,65.4,56.8,44.0,69.6,Amber,69.8,77.8,2,0.11,2,3.5,0,8.0,63.3,0.0,True,True,3650.64
CUST-0187,Enterprise,DE,Facility Management,269,4322.79,51873.48,GPS Tracking|Digital Logbook|Fleet Analytics|Driver Scoring,4,New Logo,2021-07-22,41,2025-07-29,7,99.6,96.1,82.5,80.0,92.2,Green,88.0,83.8,2,0.356,1,4.6,1,,100.0,0.0,False,False,0.0
CUST-0188,SMB,AT,Logistik & Transport,14,322.41,3868.92,GPS Tracking|Digital Logbook,2,New Logo,2022-07-28,29,2025-07-29,7,91.7,100.0,88.8,40.0,85.9,Green,82.8,89.0,1,0.437,0,4.1,0,7.0,100.0,0.0,False,False,0.0
CUST-0189,SMB,DE,Facility Management,6,160.38,1924.56,GPS Tracking|Digital Logbook,2,New Logo,2024-08-17,4,2025-08-28,8,62.4,61.9,45.5,32.0,54.3,Amber,35.7,65.5,1,0.094,2,3.2,0,,54.6,0.0,False,False,0.0
CUST-0190,SMB,AT,Facility Management,19,519.52,6234.24,GPS Tracking|Digital Logbook,2,Optimum Automotive,2022-01-10,36,2025-12-26,12,74.3,50.2,81.2,32.0,62.1,Amber,66.2,69.6,107,0.287,0,4.1,0,5.0,92.3,0.0,False,False,0.0
CUST-0191,SMB,AT,Logistik & Transport,4,102.52,1230.24,GPS Tracking,1,New Logo,2023-05-23,19,2025-05-30,5,79.6,35.0,41.0,32.0,51.4,Amber,58.2,,67,0.199,2,2.6,0,,62.5,0.0,False,False,0.0
CUST-0192,SMB,CH,Außendienst & Vertrieb,15,283.76,3405.12,GPS Tracking|Digital Logbook,2,New Logo,2023-09-04,16,2025-08-28,8,96.1,54.3,73.0,36.0,69.9,Amber,80.0,71.6,19,0.169,0,3.0,0,6.0,86.1,0.0,False,False,0.0
CUST-0193,SMB,DE,Logistik & Transport,2,44.3,531.6,GPS Tracking,1,Avrios,2022-09-12,28,2025-08-28,8,60.3,23.0,29.5,24.0,37.5,Red,55.4,,40,0.0,3,2.4,0,3.0,60.0,0.0,False,False,0.0
CUST-0194,Enterprise,CH,Logistik & Transport,278,4994.87,59938.44,GPS Tracking|Digital Logbook|Fleet Analytics,3,Vimcar,2022-08-27,28,2025-08-28,8,93.1,92.9,91.8,92.0,92.6,Green,78.1,75.0,1,0.378,0,4.5,1,8.0,79.5,1000.47,False,False,0.0
CUST-0195,SMB,CH,Baugewerbe,12,310.97,3731.64,GPS Tracking|Digital Logbook,2,Vimcar,2024-02-24,10,2025-03-01,2,51.4,24.6,37.2,32.0,37.6,Red,56.0,27.5,61,0.105,2,2.9,0,,53.8,0.0,True,True,3731.64
CUST-0196,Enterprise,DE,Handwerk & Baugewerbe,152,2516.06,30192.72,GPS Tracking|Digital Logbook|Fleet Analytics,3,Avrios,2022-02-15,35,2025-01-30,1,89.7,95.8,85.0,32.0,81.9,Green,81.5,78.2,5,0.398,0,3.6,0,,100.0,445.56,True,False,0.0
CUST-0197,Mid-Market,AT,Außendienst & Vertrieb,22,369.41,4432.92,GPS Tracking|Digital Logbook|Fleet Analytics,3,New Logo,2023-12-31,12,2025-12-26,12,88.1,94.8,68.0,92.0,86.7,Green,75.2,64.3,7,0.451,2,4.0,1,8.0,95.4,0.0,False,False,0.0
CUST-0198,SMB,DE,Handwerk & Baugewerbe,5,128.81,1545.72,GPS Tracking|Digital Logbook,2,New Logo,2023-08-03,17,2025-07-29,7,95.8,71.2,73.0,44.0,76.1,Green,73.3,91.0,2,0.197,0,3.0,0,8.0,55.8,0.0,False,False,0.0
CUST-0199,Enterprise,AT,Außendienst & Vertrieb,203,2947.35,35368.2,GPS Tracking|Digital Logbook|Fleet Analytics,3,Avrios,2020-04-21,57,2025-03-31,3,93.7,72.3,82.0,32.0,75.7,Green,85.2,82.5,22,0.335,0,4.2,0,,100.0,0.0,True,False,0.0
CUST-0200,Mid-Market,DE,Logistik & Transport,59,1106.39,13276.68,GPS Tracking|Digital Logbook|Fleet Analytics,3,Avrios,2021-04-17,45,2025-03-31,3,97.2,96.0,89.5,40.0,86.7,Green,86.1,89.5,7,0.438,0,4.2,0,7.0,100.0,0.0,True,False,0.0
CUST-0201,Enterprise,CH,Baugewerbe,154,2117.14,25405.68,GPS Tracking|Digital Logbook|Fleet Analytics,3,New Logo,2024-09-29,3,2025-09-27,9,62.3,15.7,27.2,28.0,36.2,Red,54.6,48.7,32,0.0,4,2.1,0,4.0,30.8,0.0,False,False,0.0
CUST-0202,Enterprise,AT,Handwerk & Baugewerbe,176,2813.58,33762.96,GPS Tracking|Digital Logbook|Fleet Analytics,3,New Logo,2024-04-10,8,2025-04-30,4,94.4,93.5,56.8,48.0,79.6,Green,91.5,92.7,4,0.453,2,3.5,0,9.0,89.9,762.61,False,False,0.0
CUST-0203,Mid-Market,DE,Facility Management,45,950.1,11401.2,GPS Tracking|Digital Logbook|Fleet Analytics,3,New Logo,2024-08-04,4,2025-08-28,8,70.7,54.9,70.0,24.0,58.8,Amber,70.7,24.0,17,0.293,0,2.6,0,3.0,45.0,0.0,False,False,0.0
CUST-0204,SMB,DE,Facility Management,10,254.73,3056.76,GPS Tracking|Digital Logbook,2,Optimum Automotive,2022-12-01,25,2025-11-26,11,99.4,69.1,82.8,32.0,76.9,Green,79.0,86.7,8,0.265,0,4.3,0,5.0,71.8,0.0,False,False,0.0
CUST-0205,SMB,DE,Gesundheitswesen,9,227.96,2735.52,GPS Tracking|Digital Logbook,2,New Logo,2024-05-03,8,2025-04-30,4,72.4,62.1,79.0,32.0,64.6,Amber,60.9,60.1,23,0.308,0,3.8,0,,68.6,0.0,False,False,0.0
CUST-0206,SMB,DE,Gesundheitswesen,12,232.01,2784.12,GPS Tracking|Digital Logbook,2,Avrios,2022-12-11,25,2025-11-26,11,80.1,73.5,82.8,32.0,71.4,Green,72.1,62.3,1,0.17,0,4.3,0,,74.6,0.0,False,False,0.0
CUST-0207,SMB,AT,Außendienst & Vertrieb,7,184.13,2209.56,GPS Tracking|Digital Logbook,2,New Logo,2022-04-25,32,2025-04-30,4,98.1,89.5,85.8,32.0,83.1,Green,89.4,78.4,7,0.367,0,3.7,0,,85.7,26.41,False,False,0.0
CUST-0208,SMB,DE,Außendienst & Vertrieb,7,182.8,2193.6,GPS Tracking|Digital Logbook,2,New Logo,2024-07-25,5,2025-07-29,7,84.5,36.1,57.8,20.0,55.0,Amber,56.7,81.7,54,0.158,1,2.3,0,2.0,57.3,0.0,False,False,0.0
CUST-0209,SMB,DE,Handwerk & Baugewerbe,3,62.8,753.6,GPS Tracking,1,New Logo,2024-09-03,3,2025-09-27,9,53.1,25.1,18.5,16.0,32.2,Red,38.9,,27,0.0,6,2.8,0,1.0,28.4,0.0,False,False,0.0
CUST-0210,Enterprise,DE,Außendienst & Vertrieb,242,4259.25,51111.0,GPS Tracking|Digital Logbook|Fleet Analytics|Driver Scoring,4,Avrios,2021-11-12,38,2025-10-27,10,92.8,91.0,88.8,80.0,89.5,Green,83.3,67.7,6,0.343,0,4.1,1,,100.0,0.0,False,False,0.0
CUST-0211,SMB,DE,Handwerk & Baugewerbe,10,183.66,2203.92,GPS Tracking|Digital Logbook,2,New Logo,2023-11-06,14,2025-10-27,10,88.9,53.8,78.8,32.0,67.8,Amber,74.5,59.1,41,0.318,1,4.1,0,5.0,71.8,0.0,False,False,0.0
CUST-0212,Mid-Market,DE,Facility Management,76,1488.85,17866.2,GPS Tracking|Digital Logbook|Fleet Analytics,3,Avrios,2023-04-22,20,2025-04-30,4,91.4,96.0,71.0,32.0,79.8,Green,80.6,74.5,5,0.537,2,4.4,0,,100.0,384.54,False,False,0.0
CUST-0213,SMB,DE,Außendienst & Vertrieb,15,403.42,4841.04,GPS Tracking|Digital Logbook,2,Optimum Automotive,2022-06-15,31,2025-05-30,5,87.7,90.5,70.5,32.0,76.7,Green,77.8,76.2,4,0.397,1,4.0,0,,78.9,0.0,False,False,0.0
CUST-0214,SMB,DE,Facility Management,12,332.85,3994.2,GPS Tracking|Digital Logbook,2,Optimum Automotive,2022-02-19,34,2025-03-01,2,95.9,59.4,81.2,36.0,73.0,Green,93.0,71.1,25,0.256,0,4.1,0,6.0,75.8,0.0,True,False,0.0
CUST-0215,Enterprise,DE,Kommunaler Betrieb,346,4705.71,56468.52,GPS Tracking|Digital Logbook|Fleet Analytics,3,New Logo,2024-04-16,8,2025-04-30,4,90.6,75.5,91.8,92.0,86.5,Green,82.8,71.9,25,0.495,0,4.5,1,8.0,90.1,0.0,False,False,0.0
CUST-0216,Enterprise,DE,Facility Management,173,2642.2,31706.4,GPS Tracking|Digital Logbook|Fleet Analytics,3,Vimcar,2022-12-15,24,2025-12-26,12,97.1,87.2,79.8,92.0,89.9,Green,88.5,75.2,11,0.518,0,3.9,1,8.0,96.8,278.95,False,False,0.0
CUST-0217,Mid-Market,DE,Außendienst & Vertrieb,40,724.86,8698.32,GPS Tracking|Digital Logbook|Fleet Analytics,3,Vimcar,2022-06-13,31,2025-05-30,5,82.6,91.8,71.0,80.0,82.6,Green,85.9,63.7,1,0.321,2,4.4,1,,95.0,0.0,False,False,0.0
CUST-0218,Mid-Market,AT,Außendienst & Vertrieb,43,779.59,9355.08,GPS Tracking|Digital Logbook|Fleet Analytics,3,Avrios,2022-11-10,26,2025-10-27,10,98.3,83.5,91.8,48.0,85.0,Green,83.2,79.3,9,0.4,0,4.5,0,9.0,82.1,189.93,False,False,0.0
CUST-0219,SMB,AT,Außendienst & Vertrieb,10,243.95,2927.4,GPS Tracking|Digital Logbook,2,Vimcar,2024-08-06,4,2025-08-28,8,40.5,9.5,35.8,24.0,27.8,Red,29.2,33.2,120,0.054,5,2.1,0,3.0,11.0,0.0,False,False,0.0
CUST-0220,SMB,DE,Logistik & Transport,13,300.7,3608.4,GPS Tracking|Digital Logbook,2,New Logo,2024-01-09,11,2025-01-30,1,86.1,53.8,29.5,24.0,55.8,Amber,76.6,73.3,10,0.131,3,2.4,0,3.0,57.2,0.0,True,True,3608.4
CUST-0221,Enterprise,DE,Gesundheitswesen,392,6298.87,75586.44,GPS Tracking|Digital Logbook|Fleet Analytics,3,Vimcar,2022-04-19,32,2025-04-30,4,90.3,95.2,79.5,32.0,80.9,Green,91.3,61.5,1,0.348,1,4.2,0,,99.2,1410.95,False,False,0.0
CUST-0222,Mid-Market,DE,Logistik & Transport,44,771.54,9258.48,GPS Tracking|Digital Logbook|Fleet Analytics,3,Vimcar,2021-08-28,40,2025-08-28,8,99.5,92.3,88.0,92.0,93.9,Green,84.0,83.4,3,0.313,0,4.0,1,8.0,99.8,0.0,False,False,0.0
CUST-0223,SMB,DE,Handwerk & Baugewerbe,16,439.81,5277.72,GPS Tracking|Digital Logbook,2,Avrios,2022-11-01,26,2025-10-27,10,92.0,71.5,74.2,44.0,75.1,Green,79.9,72.1,11,0.257,1,4.5,0,8.0,84.0,0.0,False,False,0.0
CUST-0224,Mid-Market,DE,Gesundheitswesen,57,909.94,10919.28,GPS Tracking|Digital Logbook|Fleet Analytics,3,Avrios,2022-10-12,27,2025-09-27,9,94.7,79.9,90.2,44.0,81.8,Green,95.4,67.1,8,0.318,0,4.3,0,8.0,96.2,109.31,False,False,0.0
CUST-0225,SMB,DE,Logistik & Transport,10,204.96,2459.52,GPS Tracking|Digital Logbook,2,Vimcar,2024-04-13,8,2025-04-30,4,57.9,47.2,45.5,32.0,48.3,Amber,51.6,44.8,16,0.18,2,2.0,0,,53.8,0.0,False,False,0.0
CUST-0226,Mid-Market,CH,Außendienst & Vertrieb,52,968.46,11621.52,GPS Tracking|Digital Logbook|Fleet Analytics,3,Vimcar,2021-09-08,40,2025-08-28,8,92.4,88.0,92.5,96.0,91.6,Green,93.4,78.2,8,0.448,0,4.6,1,9.0,100.0,0.0,False,False,0.0
CUST-0227,SMB,DE,Außendienst & Vertrieb,16,322.33,3867.96,GPS Tracking|Digital Logbook,2,New Logo,2023-04-27,20,2025-04-30,4,88.3,80.4,79.8,32.0,75.8,Green,95.6,73.5,8,0.313,0,3.9,0,,100.0,0.0,False,False,0.0
CUST-0228,Enterprise,AT,Außendienst & Vertrieb,183,2330.66,27967.92,GPS Tracking|Digital Logbook|Fleet Analytics|Driver Scoring,4,New Logo,2024-05-04,8,2025-04-30,4,92.3,84.2,85.0,92.0,88.4,Green,87.2,80.1,1,0.259,0,3.6,1,8.0,86.3,0.0,False,False,0.0
CUST-0229,SMB,CH,Logistik & Transport,4,104.42,1253.04,GPS Tracking,1,New Logo,2023-02-16,22,2025-03-01,2,20.7,21.8,53.5,16.0,26.9,Red,22.1,,33,0.0,0,2.4,0,1.0,55.3,0.0,True,True,1253.04
CUST-0230,Enterprise,AT,Logistik & Transport,362,5521.6,66259.2,GPS Tracking|Digital Logbook|Fleet Analytics|Driver Scoring,4,New Logo,2023-01-27,23,2025-01-30,1,97.9,99.8,90.2,80.0,94.2,Green,85.7,100.0,2,0.472,0,4.3,1,,99.2,804.59,True,False,0.0
CUST-0231,SMB,DE,Logistik & Transport,13,300.14,3601.68,GPS Tracking|Digital Logbook,2,New Logo,2024-03-28,9,2025-03-31,3,53.4,48.7,53.2,20.0,46.9,Amber,66.8,39.6,17,0.206,1,2.9,0,2.0,50.8,0.0,True,True,3601.68
CUST-0232,SMB,DE,Kommunaler Betrieb,9,233.13,2797.56,GPS Tracking|Digital Logbook,2,New Logo,2024-10-09,2,2025-10-27,10,56.1,17.6,39.5,16.0,35.2,Red,41.4,31.9,32,0.04,2,3.2,0,1.0,24.6,0.0,False,False,0.0
CUST-0233,Mid-Market,DE,Handwerk & Baugewerbe,44,803.96,9647.52,GPS Tracking|Digital Logbook|Fleet Analytics,3,Vimcar,2021-09-29,39,2025-09-27,9,88.7,94.6,80.2,80.0,87.5,Green,86.1,84.2,1,0.338,1,4.3,1,,100.0,63.68,False,False,0.0
CUST-0234,Mid-Market,AT,Außendienst & Vertrieb,25,429.13,5149.56,GPS Tracking|Digital Logbook|Fleet Analytics,3,Avrios,2022-02-25,34,2025-03-01,2,94.8,78.1,72.0,96.0,85.4,Green,83.8,67.4,8,0.319,1,4.2,1,9.0,88.9,0.0,True,False,0.0
CUST-0235,SMB,CH,Baugewerbe,20,374.75,4497.0,GPS Tracking|Digital Logbook,2,New Logo,2023-02-21,22,2025-03-01,2,52.3,84.1,50.2,28.0,57.8,Amber,51.2,54.8,5,0.389,1,2.5,0,4.0,56.3,0.0,True,True,4497.0
CUST-0236,SMB,CH,Facility Management,16,396.82,4761.84,GPS Tracking|Digital Logbook,2,Vimcar,2022-12-27,24,2025-12-26,12,64.0,35.3,57.2,36.0,49.8,Amber,57.7,66.6,23,0.0,0,2.1,0,6.0,69.3,0.0,False,False,0.0
CUST-0237,Enterprise,DE,Facility Management,147,2145.57,25746.84,GPS Tracking|Digital Logbook|Fleet Analytics|Driver Scoring,4,New Logo,2024-06-11,6,2025-06-29,6,97.9,100.0,90.2,96.0,96.7,Green,88.7,85.8,2,0.433,0,4.3,1,9.0,100.0,324.06,False,False,0.0
CUST-0238,SMB,AT,Facility Management,7,137.34,1648.08,GPS Tracking|Digital Logbook,2,New Logo,2023-08-28,16,2025-08-28,8,80.1,54.6,57.0,32.0,60.6,Amber,72.4,76.1,47,0.323,1,3.4,0,,73.2,0.0,False,False,0.0
CUST-0239,Mid-Market,DE,Kommunaler Betrieb,75,1166.4,13996.8,GPS Tracking|Digital Logbook|Fleet Analytics,3,New Logo,2023-09-26,15,2025-09-27,9,86.5,93.4,78.2,44.0,80.5,Green,90.3,67.5,6,0.447,0,3.7,0,8.0,89.4,0.0,False,False,0.0
CUST-0240,Mid-Market,DE,Handwerk & Baugewerbe,38,603.3,7239.6,GPS Tracking|Digital Logbook|Fleet Analytics,3,New Logo,2023-02-20,22,2025-03-01,2,94.4,83.2,81.2,92.0,88.0,Green,89.6,91.4,10,0.385,0,4.1,1,8.0,86.0,71.82,True,False,0.0
CUST-0241,SMB,DE,Kommunaler Betrieb,18,439.38,5272.56,GPS Tracking|Digital Logbook,2,Avrios,2024-01-21,11,2025-01-30,1,64.6,26.1,38.5,24.0,41.7,Amber,50.7,41.2,120,0.162,4,2.4,0,3.0,39.7,0.0,True,True,5272.56
CUST-0242,Mid-Market,DE,Kommunaler Betrieb,67,1428.04,17136.48,GPS Tracking|Digital Logbook|Fleet Analytics,3,Optimum Automotive,2022-12-11,25,2025-11-26,11,92.6,79.2,79.5,96.0,86.5,Green,90.7,60.0,8,0.329,1,4.2,1,9.0,89.7,0.0,False,False,0.0
CUST-0243,SMB,DE,Gesundheitswesen,3,78.76,945.12,GPS Tracking,1,Vimcar,2024-10-04,2,2025-10-27,10,38.4,33.6,19.0,16.0,29.7,Red,41.0,,21,0.091,4,1.8,0,1.0,30.7,0.0,False,False,0.0
CUST-0244,Enterprise,DE,Gesundheitswesen,376,5109.06,61308.72,GPS Tracking|Digital Logbook|Fleet Analytics|Driver Scoring,4,New Logo,2023-07-29,17,2025-07-29,7,93.5,64.8,88.8,48.0,77.1,Green,94.5,77.2,1,0.053,0,4.1,0,9.0,80.5,426.78,False,False,0.0
CUST-0245,SMB,DE,Facility Management,2,45.96,551.52,GPS Tracking,1,New Logo,2023-04-18,20,2025-04-30,4,64.9,54.6,24.2,32.0,48.7,Amber,60.3,,20,0.251,3,1.7,0,5.0,58.5,0.0,False,False,0.0
CUST-0246,Mid-Market,AT,Handwerk & Baugewerbe,51,852.42,10229.04,GPS Tracking|Digital Logbook|Fleet Analytics,3,Vimcar,2022-07-24,29,2025-07-29,7,94.6,94.0,86.5,92.0,92.4,Green,87.9,76.2,1,0.469,0,3.8,1,8.0,76.0,0.0,False,False,0.0
CUST-0247,SMB,DE,Logistik & Transport,3,58.74,704.88,GPS Tracking,1,Avrios,2022-08-03,29,2025-07-29,7,59.2,38.7,54.8,36.0,48.7,Amber,63.2,,51,0.155,1,3.1,0,6.0,68.6,0.0,False,False,0.0
CUST-0248,SMB,DE,Facility Management,12,288.8,3465.6,GPS Tracking|Digital Logbook,2,New Logo,2023-03-02,22,2025-03-01,2,82.9,46.6,68.2,36.0,62.0,Amber,67.9,52.5,21,0.108,1,3.7,0,6.0,76.7,0.0,True,True,3465.6
CUST-0249,Mid-Market,DE,Logistik & Transport,67,1468.38,17620.56,GPS Tracking|Digital Logbook|Fleet Analytics,3,New Logo,2022-11-25,25,2025-11-26,11,88.9,100.0,88.0,80.0,90.7,Green,94.4,88.9,2,0.497,0,5.0,1,,100.0,0.0,False,False,0.0
CUST-0250,SMB,DE,Außendienst & Vertrieb,13,300.95,3611.4,GPS Tracking|Digital Logbook,2,New Logo,2024-04-28,8,2025-04-30,4,88.6,69.2,59.8,40.0,69.7,Amber,77.5,65.8,25,0.369,2,3.9,0,7.0,75.5,0.0,False,False,0.0
