customer_id,month,mrr,churned
CUST-0001,2024-02-01,908.78,0
CUST-0001,2024-03-01,908.78,0
CUST-0001,2024-04-01,908.78,0
CUST-0001,2024-05-01,908.78,0
CUST-0001,2024-06-01,908.78,0
CUST-0001,2024-07-01,908.78,0
CUST-0001,2024-08-01,908.78,0
CUST-0001,2024-09-01,908.78,0
CUST-0001,2024-10-01,908.78,0
CUST-0001,2024-11-01,908.78,0
CUST-0001,2024-12-01,908.78,0
CUST-0002,2024-02-01,31.34,0
CUST-0002,2024-03-01,31.34,0
CUST-0002,2024-04-01,31.34,0
CUST-0002,2024-05-01,31.34,0
CUST-0002,2024-06-01,37.56,0
CUST-0002,2024-07-01,37.56,0
CUST-0002,2024-08-01,37.56,0
CUST-0002,2024-09-01,37.56,0
CUST-0002,2024-10-01,37.56,0
CUST-0002,2024-11-01,37.56,0
CUST-0002,2024-12-01,37.56,0
CUST-0003,2024-02-01,114.17,0
CUST-0003,2024-03-01,114.17,0
CUST-0003,2024-04-01,136.72,0
CUST-0003,2024-05-01,136.72,0
CUST-0003,2024-06-01,136.72,0
CUST-0003,2024-07-01,114.68,0
CUST-0003,2024-08-01,114.68,0
CUST-0003,2024-09-01,114.68,0
CUST-0003,2024-10-01,114.68,0
CUST-0003,2024-11-01,114.68,0
CUST-0003,2024-12-01,114.68,0
CUST-0004,2024-02-01,197.74,0
CUST-0004,2024-03-01,197.74,0
CUST-0004,2024-04-01,235.53,0
CUST-0004,2024-05-01,235.53,0
CUST-0004,2024-06-01,235.53,0
CUST-0004,2024-07-01,235.53,0
CUST-0004,2024-08-01,235.53,0
CUST-0004,2024-09-01,235.53,0
CUST-0004,2024-10-01,235.53,0
CUST-0004,2024-11-01,235.53,0
CUST-0004,2024-12-01,235.53,0
CUST-0005,2024-02-01,616.05,0
CUST-0005,2024-03-01,616.05,0
CUST-0005,2024-04-01,616.05,0
CUST-0005,2024-05-01,616.05,0
CUST-0005,2024-06-01,616.05,0
CUST-0005,2024-07-01,549.59,0
CUST-0005,2024-08-01,549.59,0
CUST-0005,2024-09-01,549.59,0
CUST-0005,2024-10-01,549.59,0
CUST-0005,2024-11-01,549.59,0
CUST-0005,2024-12-01,648.95,0
CUST-0006,2024-02-01,580.82,0
CUST-0006,2024-03-01,580.82,0
CUST-0006,2024-04-01,580.82,0
CUST-0006,2024-05-01,580.82,0
CUST-0006,2024-06-01,580.82,0
CUST-0006,2024-07-01,580.82,0
CUST-0006,2024-08-01,580.82,0
CUST-0006,2024-09-01,580.82,0
CUST-0006,2024-10-01,580.82,0
CUST-0006,2024-11-01,580.82,0
CUST-0006,2024-12-01,580.82,0
CUST-0007,2024-02-01,1447.81,0
CUST-0007,2024-03-01,1447.81,0
CUST-0007,2024-04-01,1447.81,0
CUST-0007,2024-05-01,1447.81,0
CUST-0007,2024-06-01,1447.81,0
CUST-0007,2024-07-01,1447.81,0
CUST-0007,2024-08-01,1447.81,0
CUST-0007,2024-09-01,1447.81,0
CUST-0007,2024-10-01,1187.9,0
CUST-0007,2024-11-01,1187.9,0
CUST-0007,2024-12-01,1187.9,0
CUST-0008,2024-02-01,113.65,0
CUST-0008,2024-03-01,113.65,0
CUST-0008,2024-04-01,119.86,0
CUST-0008,2024-05-01,119.86,0
CUST-0008,2024-06-01,119.86,0
CUST-0008,2024-07-01,119.86,0
CUST-0008,2024-08-01,119.86,0
CUST-0008,2024-09-01,119.86,0
CUST-0008,2024-10-01,139.79,0
CUST-0008,2024-11-01,139.79,0
CUST-0008,2024-12-01,126.91,0
CUST-0009,2024-02-01,379.1,0
CUST-0009,2024-03-01,445.26,0
CUST-0009,2024-04-01,445.26,0
CUST-0009,2024-05-01,445.26,0
CUST-0009,2024-06-01,445.26,0
CUST-0009,2024-07-01,445.26,0
CUST-0009,2024-08-01,445.26,0
CUST-0009,2024-09-01,445.26,0
CUST-0009,2024-10-01,445.26,0
CUST-0009,2024-11-01,445.26,0
CUST-0009,2024-12-01,445.26,0
CUST-0010,2024-02-01,98.2,0
CUST-0010,2024-03-01,98.2,0
CUST-0010,2024-04-01,98.2,0
CUST-0010,2024-05-01,98.2,0
CUST-0010,2024-06-01,98.2,0
CUST-0010,2024-07-01,98.2,0
CUST-0010,2024-08-01,117.29,0
CUST-0010,2024-09-01,117.29,0
CUST-0010,2024-10-01,117.29,0
CUST-0010,2024-11-01,117.29,0
CUST-0010,2024-12-01,117.29,0
CUST-0011,2024-02-01,329.46,0
CUST-0011,2024-03-01,329.46,0
CUST-0011,2024-04-01,329.46,0
CUST-0011,2024-05-01,329.46,0
CUST-0011,2024-06-01,329.46,0
CUST-0011,2024-07-01,371.41,0
CUST-0011,2024-08-01,371.41,0
CUST-0011,2024-09-01,371.41,0
CUST-0011,2024-10-01,340.26,0
CUST-0011,2024-11-01,340.26,0
CUST-0011,2024-12-01,340.26,0
CUST-0012,2024-02-01,292.72,0
CUST-0012,2024-03-01,292.72,0
CUST-0012,2024-04-01,292.72,0
CUST-0012,2024-05-01,292.72,0
CUST-0012,2024-06-01,292.72,0
CUST-0012,2024-07-01,292.72,0
CUST-0012,2024-08-01,292.72,0
CUST-0012,2024-09-01,311.73,0
CUST-0012,2024-10-01,311.73,0
CUST-0012,2024-11-01,311.73,0
CUST-0012,2024-12-01,294.18,0
CUST-0013,2024-02-01,110.84,0
CUST-0013,2024-03-01,110.84,0
CUST-0013,2024-04-01,110.84,0
CUST-0013,2024-05-01,110.84,0
CUST-0013,2024-06-01,110.84,0
CUST-0013,2024-07-01,110.84,0
CUST-0013,2024-08-01,110.84,0
CUST-0013,2024-09-01,110.84,0
CUST-0013,2024-10-01,110.84,0
CUST-0013,2024-11-01,124.31,0
CUST-0013,2024-12-01,124.31,0
CUST-0014,2024-02-01,97.6,0
CUST-0014,2024-03-01,97.6,0
CUST-0014,2024-04-01,97.6,0
CUST-0014,2024-05-01,97.6,0
CUST-0014,2024-06-01,97.6,0
CUST-0014,2024-07-01,107.07,0
CUST-0014,2024-08-01,107.07,0
CUST-0014,2024-09-01,107.07,0
CUST-0014,2024-10-01,107.07,0
CUST-0014,2024-11-01,107.07,0
CUST-0014,2024-12-01,122.86,0
CUST-0015,2024-02-01,991.47,0
CUST-0015,2024-03-01,991.47,0
CUST-0015,2024-04-01,991.47,0
CUST-0015,2024-05-01,991.47,0
CUST-0015,2024-06-01,1152.95,0
CUST-0015,2024-07-01,1152.95,0
CUST-0015,2024-08-01,1152.95,0
CUST-0015,2024-09-01,1152.95,0
CUST-0015,2024-10-01,1306.3,0
CUST-0015,2024-11-01,1306.3,0
CUST-0015,2024-12-01,1306.3,0
CUST-0016,2024-02-01,346.81,0
CUST-0016,2024-03-01,346.81,0
CUST-0016,2024-04-01,346.81,0
CUST-0016,2024-05-01,346.81,0
CUST-0016,2024-06-01,346.81,0
CUST-0016,2024-07-01,346.81,0
CUST-0016,2024-08-01,346.81,0
CUST-0016,2024-09-01,346.81,0
CUST-0016,2024-10-01,346.81,0
CUST-0016,2024-11-01,346.81,0
CUST-0016,2024-12-01,346.81,0
CUST-0017,2024-02-01,362.07,0
CUST-0017,2024-03-01,362.07,0
CUST-0017,2024-04-01,383.84,0
CUST-0017,2024-05-01,310.55,0
CUST-0017,2024-06-01,310.55,0
CUST-0017,2024-07-01,310.55,0
CUST-0017,2024-08-01,310.55,0
CUST-0017,2024-09-01,351.07,0
CUST-0017,2024-10-01,351.07,0
CUST-0017,2024-11-01,351.07,0
CUST-0017,2024-12-01,351.07,0
CUST-0018,2024-02-01,867.25,0
CUST-0018,2024-03-01,867.25,0
CUST-0018,2024-04-01,867.25,0
CUST-0018,2024-05-01,867.25,0
CUST-0018,2024-06-01,867.25,0
CUST-0018,2024-07-01,967.13,0
CUST-0018,2024-08-01,967.13,0
CUST-0018,2024-09-01,967.13,0
CUST-0018,2024-10-01,967.13,0
CUST-0018,2024-11-01,967.13,0
CUST-0018,2024-12-01,967.13,0
CUST-0019,2024-02-01,904.29,0
CUST-0019,2024-03-01,904.29,0
CUST-0019,2024-04-01,904.29,0
CUST-0019,2024-05-01,904.29,0
CUST-0019,2024-06-01,832.91,0
CUST-0019,2024-07-01,832.91,0
CUST-0019,2024-08-01,832.91,0
CUST-0019,2024-09-01,931.43,0
CUST-0019,2024-10-01,931.43,0
CUST-0019,2024-11-01,931.43,0
CUST-0019,2024-12-01,931.43,0
CUST-0020,2024-02-01,74.39,0
CUST-0020,2024-03-01,74.39,0
CUST-0020,2024-04-01,87.74,0
CUST-0020,2024-05-01,87.74,0
CUST-0020,2024-06-01,87.74,0
CUST-0020,2024-07-01,87.74,0
CUST-0020,2024-08-01,87.74,0
CUST-0020,2024-09-01,87.74,0
CUST-0020,2024-10-01,87.74,0
CUST-0020,2024-11-01,87.74,0
CUST-0020,2024-12-01,97.03,0
CUST-0021,2024-02-01,1022.05,0
CUST-0021,2024-03-01,1022.05,0
CUST-0021,2024-04-01,1022.05,0
CUST-0021,2024-05-01,1144.45,0
CUST-0021,2024-06-01,1144.45,0
CUST-0021,2024-07-01,1144.45,0
CUST-0021,2024-08-01,1236.12,0
CUST-0021,2024-09-01,1236.12,0
CUST-0021,2024-10-01,1236.12,0
CUST-0021,2024-11-01,1236.12,0
CUST-0021,2024-12-01,1236.12,0
CUST-0022,2024-02-01,1168.78,0
CUST-0022,2024-03-01,1006.91,0
CUST-0022,2024-04-01,1006.91,0
CUST-0022,2024-05-01,1006.91,0
CUST-0022,2024-06-01,904.8,0
CUST-0022,2024-07-01,904.8,0
CUST-0022,2024-08-01,1021.95,0
CUST-0022,2024-09-01,1021.95,0
CUST-0022,2024-10-01,1225.87,0
CUST-0022,2024-11-01,1225.87,0
CUST-0022,2024-12-01,1225.87,0
CUST-0023,2024-02-01,222.15,0
CUST-0023,2024-03-01,222.15,0
CUST-0023,2024-04-01,236.44,0
CUST-0023,2024-05-01,236.44,0
CUST-0023,2024-06-01,268.4,0
CUST-0023,2024-07-01,268.4,0
CUST-0023,2024-08-01,268.4,0
CUST-0023,2024-09-01,268.4,0
CUST-0023,2024-10-01,268.4,0
CUST-0023,2024-11-01,268.4,0
CUST-0023,2024-12-01,289.98,0
CUST-0024,2024-02-01,70.79,0
CUST-0024,2024-03-01,70.79,0
CUST-0024,2024-04-01,70.79,0
CUST-0024,2024-05-01,70.79,0
CUST-0024,2024-06-01,70.79,0
CUST-0024,2024-07-01,70.79,0
CUST-0024,2024-08-01,70.79,0
CUST-0024,2024-09-01,70.79,0
CUST-0024,2024-10-01,83.21,0
CUST-0024,2024-11-01,83.21,0
CUST-0024,2024-12-01,83.21,0
CUST-0025,2024-02-01,4554.37,0
CUST-0025,2024-03-01,4554.37,0
CUST-0025,2024-04-01,5058.35,0
CUST-0025,2024-05-01,5058.35,0
CUST-0025,2024-06-01,5058.35,0
CUST-0025,2024-07-01,5058.35,0
CUST-0025,2024-08-01,5941.31,0
CUST-0025,2024-09-01,5941.31,0
CUST-0025,2024-10-01,5941.31,0
CUST-0025,2024-11-01,5941.31,0
CUST-0025,2024-12-01,5941.31,0
CUST-0026,2024-02-01,149.67,0
CUST-0026,2024-03-01,177.41,0
CUST-0026,2024-04-01,177.41,0
CUST-0026,2024-05-01,177.41,0
CUST-0026,2024-06-01,154.2,0
CUST-0026,2024-07-01,154.2,0
CUST-0026,2024-08-01,154.2,0
CUST-0026,2024-09-01,177.71,0
CUST-0026,2024-10-01,177.71,0
CUST-0026,2024-11-01,177.71,0
CUST-0026,2024-12-01,158.67,0
CUST-0027,2024-02-01,239.08,0
CUST-0027,2024-03-01,239.08,0
CUST-0027,2024-04-01,261.07,0
CUST-0027,2024-05-01,261.07,0
CUST-0027,2024-06-01,261.07,0
CUST-0027,2024-07-01,261.07,0
CUST-0027,2024-08-01,261.07,0
CUST-0027,2024-09-01,261.07,0
CUST-0027,2024-10-01,261.07,0
CUST-0027,2024-11-01,261.07,0
CUST-0027,2024-12-01,261.07,0
CUST-0028,2024-02-01,321.37,0
CUST-0028,2024-03-01,321.37,0
CUST-0028,2024-04-01,385.24,0
CUST-0028,2024-05-01,385.24,0
CUST-0028,2024-06-01,385.24,0
CUST-0028,2024-07-01,442.46,0
CUST-0028,2024-08-01,442.46,0
CUST-0028,2024-09-01,442.46,0
CUST-0028,2024-10-01,442.46,0
CUST-0028,2024-11-01,442.46,0
CUST-0028,2024-12-01,442.46,0
CUST-0029,2024-02-01,435.45,0
CUST-0029,2024-03-01,435.45,0
CUST-0029,2024-04-01,435.45,0
CUST-0029,2024-05-01,502.98,0
CUST-0029,2024-06-01,502.98,0
CUST-0029,2024-07-01,502.98,0
CUST-0029,2024-08-01,502.98,0
CUST-0029,2024-09-01,502.98,0
CUST-0029,2024-10-01,502.98,0
CUST-0029,2024-11-01,502.98,0
CUST-0029,2024-12-01,471.64,0
CUST-0030,2024-02-01,924.4,0
CUST-0030,2024-03-01,924.4,0
CUST-0030,2024-04-01,924.4,0
CUST-0030,2024-05-01,1051.96,0
CUST-0030,2024-06-01,1051.96,0
CUST-0030,2024-07-01,1051.96,0
CUST-0030,2024-08-01,1051.96,0
CUST-0030,2024-09-01,1051.96,0
CUST-0030,2024-10-01,1152.17,0
CUST-0030,2024-11-01,1152.17,0
CUST-0030,2024-12-01,1152.17,0
CUST-0031,2024-02-01,759.92,0
CUST-0031,2024-03-01,759.92,0
CUST-0031,2024-04-01,759.92,0
CUST-0031,2024-05-01,759.92,0
CUST-0031,2024-06-01,759.92,0
CUST-0031,2024-07-01,759.92,0
CUST-0031,2024-08-01,759.92,0
CUST-0031,2024-09-01,759.92,0
CUST-0031,2024-10-01,759.92,0
CUST-0031,2024-11-01,676.6,0
CUST-0031,2024-12-01,676.6,0
CUST-0032,2024-02-01,485.39,0
CUST-0032,2024-03-01,485.39,0
CUST-0032,2024-04-01,485.39,0
CUST-0032,2024-05-01,485.39,0
CUST-0032,2024-06-01,485.39,0
CUST-0032,2024-07-01,485.39,0
CUST-0032,2024-08-01,485.39,0
CUST-0032,2024-09-01,485.39,0
CUST-0032,2024-10-01,528.35,0
CUST-0032,2024-11-01,554.87,0
CUST-0032,2024-12-01,554.87,0
CUST-0033,2024-02-01,184.97,0
CUST-0033,2024-03-01,184.97,0
CUST-0033,2024-04-01,184.97,0
CUST-0033,2024-05-01,184.97,0
CUST-0033,2024-06-01,184.97,0
CUST-0033,2024-07-01,184.97,0
CUST-0033,2024-08-01,184.97,0
CUST-0033,2024-09-01,184.97,0
CUST-0033,2024-10-01,198.94,0
CUST-0033,2024-11-01,198.94,0
CUST-0033,2024-12-01,198.94,0
CUST-0034,2024-02-01,4349.27,0
CUST-0034,2024-03-01,4349.27,0
CUST-0034,2024-04-01,5181.57,0
CUST-0034,2024-05-01,5181.57,0
CUST-0034,2024-06-01,5181.57,0
CUST-0034,2024-07-01,5181.57,0
CUST-0034,2024-08-01,5181.57,0
CUST-0034,2024-09-01,5181.57,0
CUST-0034,2024-10-01,5181.57,0
CUST-0034,2024-11-01,5885.05,0
CUST-0034,2024-12-01,5885.05,0
CUST-0035,2024-02-01,39.67,0
CUST-0035,2024-03-01,39.67,0
CUST-0035,2024-04-01,39.67,0
CUST-0035,2024-05-01,42.67,0
CUST-0035,2024-06-01,42.67,0
CUST-0035,2024-07-01,42.67,0
CUST-0035,2024-08-01,42.67,0
CUST-0035,2024-09-01,42.67,0
CUST-0035,2024-10-01,42.67,0
CUST-0035,2024-11-01,42.67,0
CUST-0035,2024-12-01,42.67,0
CUST-0036,2024-02-01,553.71,0
CUST-0036,2024-03-01,553.71,0
CUST-0036,2024-04-01,553.71,0
CUST-0036,2024-05-01,609.95,0
CUST-0036,2024-06-01,609.95,0
CUST-0036,2024-07-01,609.95,0
CUST-0036,2024-08-01,609.95,0
CUST-0036,2024-09-01,609.95,0
CUST-0036,2024-10-01,609.95,0
CUST-0036,2024-11-01,609.95,0
CUST-0036,2024-12-01,723.04,0
CUST-0037,2024-02-01,494.2,0
CUST-0037,2024-03-01,494.2,0
CUST-0037,2024-04-01,494.2,0
CUST-0037,2024-05-01,494.2,0
CUST-0037,2024-06-01,494.2,0
CUST-0037,2024-07-01,494.2,0
CUST-0037,2024-08-01,494.2,0
CUST-0037,2024-09-01,494.2,0
CUST-0037,2024-10-01,494.2,0
CUST-0037,2024-11-01,494.2,0
CUST-0037,2024-12-01,494.2,0
CUST-0038,2024-02-01,398.36,0
CUST-0038,2024-03-01,398.36,0
CUST-0038,2024-04-01,398.36,0
CUST-0038,2024-05-01,398.36,0
CUST-0038,2024-06-01,398.36,0
CUST-0038,2024-07-01,398.36,0
CUST-0038,2024-08-01,398.36,0
CUST-0038,2024-09-01,398.36,0
CUST-0038,2024-10-01,398.36,0
CUST-0038,2024-11-01,435.37,0
CUST-0038,2024-12-01,435.37,0
CUST-0039,2024-02-01,2185.41,0
CUST-0039,2024-03-01,2185.41,0
CUST-0039,2024-04-01,2384.96,0
CUST-0039,2024-05-01,2384.96,0
CUST-0039,2024-06-01,2226.21,0
CUST-0039,2024-07-01,2226.21,0
CUST-0039,2024-08-01,2226.21,0
CUST-0039,2024-09-01,2053.92,0
CUST-0039,2024-10-01,2053.92,0
CUST-0039,2024-11-01,2053.92,0
CUST-0039,2024-12-01,2424.31,0
CUST-0040,2024-02-01,675.6,0
CUST-0040,2024-03-01,675.6,0
CUST-0040,2024-04-01,675.6,0
CUST-0040,2024-05-01,675.6,0
CUST-0040,2024-06-01,675.6,0
CUST-0040,2024-07-01,675.6,0
CUST-0040,2024-08-01,675.6,0
CUST-0040,2024-09-01,675.6,0
CUST-0040,2024-10-01,675.6,0
CUST-0040,2024-11-01,675.6,0
CUST-0040,2024-12-01,560.01,0
CUST-0041,2024-02-01,771.39,0
CUST-0041,2024-03-01,771.39,0
CUST-0041,2024-04-01,771.39,0
CUST-0041,2024-05-01,771.39,0
CUST-0041,2024-06-01,771.39,0
CUST-0041,2024-07-01,660.21,0
CUST-0041,2024-08-01,660.21,0
CUST-0041,2024-09-01,660.21,0
CUST-0041,2024-10-01,660.21,0
CUST-0041,2024-11-01,660.21,0
CUST-0041,2024-12-01,660.21,0
CUST-0042,2024-02-01,56.57,0
CUST-0042,2024-03-01,56.57,0
CUST-0042,2024-04-01,56.57,0
CUST-0042,2024-05-01,56.57,0
CUST-0042,2024-06-01,51.88,0
CUST-0042,2024-07-01,48.6,0
CUST-0042,2024-08-01,48.6,0
CUST-0042,2024-09-01,52.87,0
CUST-0042,2024-10-01,52.87,0
CUST-0042,2024-11-01,52.87,0
CUST-0042,2024-12-01,52.87,0
CUST-0043,2024-02-01,132.2,0
CUST-0043,2024-03-01,132.2,0
CUST-0043,2024-04-01,132.2,0
CUST-0043,2024-05-01,148.95,0
CUST-0043,2024-06-01,148.95,0
CUST-0043,2024-07-01,148.95,0
CUST-0043,2024-08-01,148.95,0
CUST-0043,2024-09-01,157.82,0
CUST-0043,2024-10-01,157.82,0
CUST-0043,2024-11-01,157.82,0
CUST-0043,2024-12-01,157.82,0
CUST-0044,2024-02-01,277.88,0
CUST-0044,2024-03-01,277.88,0
CUST-0044,2024-04-01,277.88,0
CUST-0044,2024-05-01,277.88,0
CUST-0044,2024-06-01,277.88,0
CUST-0044,2024-07-01,277.88,0
CUST-0044,2024-08-01,277.88,0
CUST-0044,2024-09-01,251.82,0
CUST-0044,2024-10-01,251.82,0
CUST-0044,2024-11-01,251.82,0
CUST-0044,2024-12-01,251.82,0
CUST-0045,2024-02-01,314.4,0
CUST-0045,2024-03-01,314.4,0
CUST-0045,2024-04-01,314.4,0
CUST-0045,2024-05-01,314.4,0
CUST-0045,2024-06-01,314.4,0
CUST-0045,2024-07-01,314.4,0
CUST-0045,2024-08-01,314.4,0
CUST-0045,2024-09-01,314.4,0
CUST-0045,2024-10-01,314.4,0
CUST-0045,2024-11-01,314.4,0
CUST-0045,2024-12-01,314.4,0
CUST-0046,2024-02-01,275.51,0
CUST-0046,2024-03-01,275.51,0
CUST-0046,2024-04-01,275.51,0
CUST-0046,2024-05-01,326.04,0
CUST-0046,2024-06-01,326.04,0
CUST-0046,2024-07-01,326.04,0
CUST-0046,2024-08-01,384.12,0
CUST-0046,2024-09-01,384.12,0
CUST-0046,2024-10-01,384.12,0
CUST-0046,2024-11-01,384.12,0
CUST-0046,2024-12-01,384.12,0
CUST-0047,2024-02-01,417.18,0
CUST-0047,2024-03-01,417.18,0
CUST-0047,2024-04-01,350.86,0
CUST-0047,2024-05-01,350.86,0
CUST-0047,2024-06-01,350.86,0
CUST-0047,2024-07-01,350.86,0
CUST-0047,2024-08-01,350.86,0
CUST-0047,2024-09-01,350.86,0
CUST-0047,2024-10-01,291.18,0
CUST-0047,2024-11-01,247.02,0
CUST-0047,2024-12-01,247.02,0
CUST-0048,2024-02-01,192.83,0
CUST-0048,2024-03-01,192.83,0
CUST-0048,2024-04-01,192.83,0
CUST-0048,2024-05-01,192.83,0
CUST-0048,2024-06-01,192.83,0
CUST-0048,2024-07-01,192.83,0
CUST-0048,2024-08-01,192.83,0
CUST-0048,2024-09-01,192.83,0
CUST-0048,2024-10-01,192.83,0
CUST-0048,2024-11-01,192.83,0
CUST-0048,2024-12-01,192.83,0
CUST-0049,2024-02-01,322.2,0
CUST-0049,2024-03-01,322.2,0
CUST-0049,2024-04-01,322.2,0
CUST-0049,2024-05-01,322.2,0
CUST-0049,2024-06-01,322.2,0
CUST-0049,2024-07-01,380.67,0
CUST-0049,2024-08-01,380.67,0
CUST-0049,2024-09-01,456.5,0
CUST-0049,2024-10-01,456.5,0
CUST-0049,2024-11-01,526.56,0
CUST-0049,2024-12-01,526.56,0
CUST-0050,2024-02-01,208.1,0
CUST-0050,2024-03-01,208.1,0
CUST-0050,2024-04-01,208.1,0
CUST-0050,2024-05-01,208.1,0
CUST-0050,2024-06-01,208.1,0
CUST-0050,2024-07-01,208.1,0
CUST-0050,2024-08-01,240.94,0
CUST-0050,2024-09-01,257.11,0
CUST-0050,2024-10-01,277.63,0
CUST-0050,2024-11-01,277.63,0
CUST-0050,2024-12-01,277.63,0
CUST-0051,2024-02-01,186.13,0
CUST-0051,2024-03-01,209.29,0
CUST-0051,2024-04-01,209.29,0
CUST-0051,2024-05-01,188.52,0
CUST-0051,2024-06-01,188.52,0
CUST-0051,2024-07-01,188.52,0
CUST-0051,2024-08-01,212.42,0
CUST-0051,2024-09-01,212.42,0
CUST-0051,2024-10-01,212.42,0
CUST-0051,2024-11-01,212.42,0
CUST-0051,2024-12-01,212.42,0
CUST-0052,2024-02-01,288.13,0
CUST-0052,2024-03-01,288.13,0
CUST-0052,2024-04-01,288.13,0
CUST-0052,2024-05-01,335.31,0
CUST-0052,2024-06-01,394.93,0
CUST-0052,2024-07-01,394.93,0
CUST-0052,2024-08-01,394.93,0
CUST-0052,2024-09-01,394.93,0
CUST-0052,2024-10-01,462.95,0
CUST-0052,2024-11-01,462.95,0
CUST-0052,2024-12-01,462.95,0
CUST-0053,2024-02-01,439.29,0
CUST-0053,2024-03-01,439.29,0
CUST-0053,2024-04-01,439.29,0
CUST-0053,2024-05-01,439.29,0
CUST-0053,2024-06-01,439.29,0
CUST-0053,2024-07-01,439.29,0
CUST-0053,2024-08-01,439.29,0
CUST-0053,2024-09-01,439.29,0
CUST-0053,2024-10-01,396.53,0
CUST-0053,2024-11-01,396.53,0
CUST-0053,2024-12-01,396.53,0
CUST-0054,2024-02-01,3830.68,0
CUST-0054,2024-03-01,4172.54,0
CUST-0054,2024-04-01,4172.54,0
CUST-0054,2024-05-01,4172.54,0
CUST-0054,2024-06-01,4172.54,0
CUST-0054,2024-07-01,4172.54,0
CUST-0054,2024-08-01,4172.54,0
CUST-0054,2024-09-01,4172.54,0
CUST-0054,2024-10-01,4172.54,0
CUST-0054,2024-11-01,4172.54,0
CUST-0054,2024-12-01,4172.54,0
CUST-0055,2024-02-01,1268.61,0
CUST-0055,2024-03-01,1454.47,0
CUST-0055,2024-04-01,1454.47,0
CUST-0055,2024-05-01,1454.47,0
CUST-0055,2024-06-01,1634.46,0
CUST-0055,2024-07-01,1634.46,0
CUST-0055,2024-08-01,1770.78,0
CUST-0055,2024-09-01,1770.78,0
CUST-0055,2024-10-01,1770.78,0
CUST-0055,2024-11-01,1770.78,0
CUST-0055,2024-12-01,1770.78,0
CUST-0056,2024-02-01,403.96,0
CUST-0056,2024-03-01,403.96,0
CUST-0056,2024-04-01,403.96,0
CUST-0056,2024-05-01,429.67,0
CUST-0056,2024-06-01,429.67,0
CUST-0056,2024-07-01,429.67,0
CUST-0056,2024-08-01,429.67,0
CUST-0056,2024-09-01,429.67,0
CUST-0056,2024-10-01,465.52,0
CUST-0056,2024-11-01,465.52,0
CUST-0056,2024-12-01,465.52,0
CUST-0057,2024-02-01,118.7,0
CUST-0057,2024-03-01,138.15,0
CUST-0057,2024-04-01,138.15,0
CUST-0057,2024-05-01,138.15,0
CUST-0057,2024-06-01,138.15,0
CUST-0057,2024-07-01,113.92,0
CUST-0057,2024-08-01,113.92,0
CUST-0057,2024-09-01,113.92,0
CUST-0057,2024-10-01,113.92,0
CUST-0057,2024-11-01,113.92,0
CUST-0057,2024-12-01,113.92,0
CUST-0058,2024-02-01,590.92,0
CUST-0058,2024-03-01,590.92,0
CUST-0058,2024-04-01,590.92,0
CUST-0058,2024-05-01,590.92,0
CUST-0058,2024-06-01,590.92,0
CUST-0058,2024-07-01,590.92,0
CUST-0058,2024-08-01,555.64,0
CUST-0058,2024-09-01,555.64,0
CUST-0058,2024-10-01,555.64,0
CUST-0058,2024-11-01,555.64,0
CUST-0058,2024-12-01,555.64,0
CUST-0059,2024-02-01,262.85,0
CUST-0059,2024-03-01,262.85,0
CUST-0059,2024-04-01,262.85,0
CUST-0059,2024-05-01,262.85,0
CUST-0059,2024-06-01,262.85,0
CUST-0059,2024-07-01,262.85,0
CUST-0059,2024-08-01,262.85,0
CUST-0059,2024-09-01,262.85,0
CUST-0059,2024-10-01,262.85,0
CUST-0059,2024-11-01,262.85,0
CUST-0059,2024-12-01,262.85,0
CUST-0060,2024-02-01,413.35,0
CUST-0060,2024-03-01,413.35,0
CUST-0060,2024-04-01,413.35,0
CUST-0060,2024-05-01,413.35,0
CUST-0060,2024-06-01,413.35,0
CUST-0060,2024-07-01,413.35,0
CUST-0060,2024-08-01,413.35,0
CUST-0060,2024-09-01,413.35,0
CUST-0060,2024-10-01,413.35,0
CUST-0060,2024-11-01,413.35,0
CUST-0060,2024-12-01,413.35,0
CUST-0061,2024-02-01,2717.42,0
CUST-0061,2024-03-01,2717.42,0
CUST-0061,2024-04-01,2717.42,0
CUST-0061,2024-05-01,2717.42,0
CUST-0061,2024-06-01,2717.42,0
CUST-0061,2024-07-01,2717.42,0
CUST-0061,2024-08-01,2505.74,0
CUST-0061,2024-09-01,2957.29,0
CUST-0061,2024-10-01,2957.29,0
CUST-0061,2024-11-01,2957.29,0
CUST-0061,2024-12-01,2957.29,0
CUST-0062,2024-02-01,855.92,0
CUST-0062,2024-03-01,855.92,0
CUST-0062,2024-04-01,855.92,0
CUST-0062,2024-05-01,855.92,0
CUST-0062,2024-06-01,717.01,0
CUST-0062,2024-07-01,717.01,0
CUST-0062,2024-08-01,717.01,0
CUST-0062,2024-09-01,717.01,0
CUST-0062,2024-10-01,717.01,0
CUST-0062,2024-11-01,717.01,0
CUST-0062,2024-12-01,717.01,0
CUST-0063,2024-02-01,814.65,0
CUST-0063,2024-03-01,814.65,0
CUST-0063,2024-04-01,814.65,0
CUST-0063,2024-05-01,814.65,0
CUST-0063,2024-06-01,814.65,0
CUST-0063,2024-07-01,814.65,0
CUST-0063,2024-08-01,814.65,0
CUST-0063,2024-09-01,814.65,0
CUST-0063,2024-10-01,814.65,0
CUST-0063,2024-11-01,814.65,0
CUST-0063,2024-12-01,814.65,0
CUST-0064,2024-02-01,998.36,0
CUST-0064,2024-03-01,998.36,0
CUST-0064,2024-04-01,998.36,0
CUST-0064,2024-05-01,1123.92,0
CUST-0064,2024-06-01,1123.92,0
CUST-0064,2024-07-01,1217.41,0
CUST-0064,2024-08-01,1217.41,0
CUST-0064,2024-09-01,1217.41,0
CUST-0064,2024-10-01,1217.41,0
CUST-0064,2024-11-01,1217.41,0
CUST-0064,2024-12-01,1096.08,0
CUST-0065,2024-02-01,930.83,0
CUST-0065,2024-03-01,930.83,0
CUST-0065,2024-04-01,930.83,0
CUST-0065,2024-05-01,930.83,0
CUST-0065,2024-06-01,930.83,0
CUST-0065,2024-07-01,930.83,0
CUST-0065,2024-08-01,930.83,0
CUST-0065,2024-09-01,930.83,0
CUST-0065,2024-10-01,870.09,0
CUST-0065,2024-11-01,870.09,0
CUST-0065,2024-12-01,870.09,0
CUST-0066,2024-02-01,927.46,0
CUST-0066,2024-03-01,982.94,0
CUST-0066,2024-04-01,982.94,0
CUST-0066,2024-05-01,982.94,0
CUST-0066,2024-06-01,1111.37,0
CUST-0066,2024-07-01,1111.37,0
CUST-0066,2024-08-01,1111.37,0
CUST-0066,2024-09-01,1111.37,0
CUST-0066,2024-10-01,1111.37,0
CUST-0066,2024-11-01,1111.37,0
CUST-0066,2024-12-01,1299.34,0
CUST-0067,2024-02-01,219.69,0
CUST-0067,2024-03-01,219.69,0
CUST-0067,2024-04-01,219.69,0
CUST-0067,2024-05-01,197.94,0
CUST-0067,2024-06-01,197.94,0
CUST-0067,2024-07-01,197.94,0
CUST-0067,2024-08-01,197.94,0
CUST-0067,2024-09-01,235.39,0
CUST-0067,2024-10-01,274.94,0
CUST-0067,2024-11-01,274.94,0
CUST-0067,2024-12-01,274.94,0
CUST-0068,2024-02-01,306.48,0
CUST-0068,2024-03-01,306.48,0
CUST-0068,2024-04-01,306.48,0
CUST-0068,2024-05-01,306.48,0
CUST-0068,2024-06-01,306.48,0
CUST-0068,2024-07-01,306.48,0
CUST-0068,2024-08-01,306.48,0
CUST-0068,2024-09-01,306.48,0
CUST-0068,2024-10-01,306.48,0
CUST-0068,2024-11-01,272.61,0
CUST-0068,2024-12-01,272.61,0
CUST-0069,2024-02-01,412.34,0
CUST-0069,2024-03-01,412.34,0
CUST-0069,2024-04-01,412.34,0
CUST-0069,2024-05-01,412.34,0
CUST-0069,2024-06-01,412.34,0
CUST-0069,2024-07-01,412.34,0
CUST-0069,2024-08-01,412.34,0
CUST-0069,2024-09-01,412.34,0
CUST-0069,2024-10-01,412.34,0
CUST-0069,2024-11-01,412.34,0
CUST-0069,2024-12-01,439.03,0
CUST-0070,2024-02-01,272.01,0
CUST-0070,2024-03-01,272.01,0
CUST-0070,2024-04-01,272.01,0
CUST-0070,2024-05-01,272.01,0
CUST-0070,2024-06-01,272.01,0
CUST-0070,2024-07-01,272.01,0
CUST-0070,2024-08-01,272.01,0
CUST-0070,2024-09-01,272.01,0
CUST-0070,2024-10-01,227.65,0
CUST-0070,2024-11-01,227.65,0
CUST-0070,2024-12-01,227.65,0
CUST-0071,2024-02-01,249.14,0
CUST-0071,2024-03-01,249.14,0
CUST-0071,2024-04-01,249.14,0
CUST-0071,2024-05-01,249.14,0
CUST-0071,2024-06-01,249.14,0
CUST-0071,2024-07-01,249.14,0
CUST-0071,2024-08-01,249.14,0
CUST-0071,2024-09-01,249.14,0
CUST-0071,2024-10-01,262.29,0
CUST-0071,2024-11-01,232.73,0
CUST-0071,2024-12-01,232.73,0
CUST-0072,2024-02-01,4565.32,0
CUST-0072,2024-03-01,4565.32,0
CUST-0072,2024-04-01,4565.32,0
CUST-0072,2024-05-01,4565.32,0
CUST-0072,2024-06-01,4565.32,0
CUST-0072,2024-07-01,4565.32,0
CUST-0072,2024-08-01,4565.32,0
CUST-0072,2024-09-01,4565.32,0
CUST-0072,2024-10-01,4565.32,0
CUST-0072,2024-11-01,4565.32,0
CUST-0072,2024-12-01,4565.32,0
CUST-0073,2024-02-01,3964.12,0
CUST-0073,2024-03-01,3964.12,0
CUST-0073,2024-04-01,3964.12,0
CUST-0073,2024-05-01,3964.12,0
CUST-0073,2024-06-01,3964.12,0
CUST-0073,2024-07-01,3294.25,0
CUST-0073,2024-08-01,3294.25,0
CUST-0073,2024-09-01,3294.25,0
CUST-0073,2024-10-01,3943.51,0
CUST-0073,2024-11-01,3943.51,0
CUST-0073,2024-12-01,3943.51,0
CUST-0074,2024-02-01,51.01,0
CUST-0074,2024-03-01,51.01,0
CUST-0074,2024-04-01,51.01,0
CUST-0074,2024-05-01,51.01,0
CUST-0074,2024-06-01,51.01,0
CUST-0074,2024-07-01,51.01,0
CUST-0074,2024-08-01,51.01,0
CUST-0074,2024-09-01,51.01,0
CUST-0074,2024-10-01,51.01,0
CUST-0074,2024-11-01,51.01,0
CUST-0074,2024-12-01,58.48,0
CUST-0075,2024-02-01,776.63,0
CUST-0075,2024-03-01,776.63,0
CUST-0075,2024-04-01,842.3,0
CUST-0075,2024-05-01,842.3,0
CUST-0075,2024-06-01,842.3,0
CUST-0075,2024-07-01,842.3,0
CUST-0075,2024-08-01,679.29,0
CUST-0075,2024-09-01,679.29,0
CUST-0075,2024-10-01,601.74,0
CUST-0075,2024-11-01,655.14,0
CUST-0075,2024-12-01,655.14,0
CUST-0076,2024-02-01,49.86,0
CUST-0076,2024-03-01,57.73,0
CUST-0076,2024-04-01,57.73,0
CUST-0076,2024-05-01,64.51,0
CUST-0076,2024-06-01,64.51,0
CUST-0076,2024-07-01,64.51,0
CUST-0076,2024-08-01,64.51,0
CUST-0076,2024-09-01,64.51,0
CUST-0076,2024-10-01,64.51,0
CUST-0076,2024-11-01,64.51,0
CUST-0076,2024-12-01,64.51,0
CUST-0077,2024-02-01,1654.64,0
CUST-0077,2024-03-01,1787.59,0
CUST-0077,2024-04-01,1787.59,0
CUST-0077,2024-05-01,1787.59,0
CUST-0077,2024-06-01,2004.57,0
CUST-0077,2024-07-01,1839.35,0
CUST-0077,2024-08-01,1839.35,0
CUST-0077,2024-09-01,1839.35,0
CUST-0077,2024-10-01,1839.35,0
CUST-0077,2024-11-01,1839.35,0
CUST-0077,2024-12-01,1839.35,0
CUST-0078,2024-02-01,85.34,0
CUST-0078,2024-03-01,85.34,0
CUST-0078,2024-04-01,85.34,0
CUST-0078,2024-05-01,85.34,0
CUST-0078,2024-06-01,85.34,0
CUST-0078,2024-07-01,85.34,0
CUST-0078,2024-08-01,85.34,0
CUST-0078,2024-09-01,85.34,0
CUST-0078,2024-10-01,85.34,0
CUST-0078,2024-11-01,85.34,0
CUST-0078,2024-12-01,85.34,0
CUST-0079,2024-02-01,82.05,0
CUST-0079,2024-03-01,94.21,0
CUST-0079,2024-04-01,94.21,0
CUST-0079,2024-05-01,94.21,0
CUST-0079,2024-06-01,94.21,0
CUST-0079,2024-07-01,94.21,0
CUST-0079,2024-08-01,94.21,0
CUST-0079,2024-09-01,94.21,0
CUST-0079,2024-10-01,94.21,0
CUST-0079,2024-11-01,94.21,0
CUST-0079,2024-12-01,94.21,0
CUST-0080,2024-02-01,285.64,0
CUST-0080,2024-03-01,285.64,0
CUST-0080,2024-04-01,285.64,0
CUST-0080,2024-05-01,285.64,0
CUST-0080,2024-06-01,285.64,0
CUST-0080,2024-07-01,285.64,0
CUST-0080,2024-08-01,285.64,0
CUST-0080,2024-09-01,285.64,0
CUST-0080,2024-10-01,285.64,0
CUST-0080,2024-11-01,303.82,0
CUST-0080,2024-12-01,303.82,0
CUST-0081,2024-02-01,540.04,0
CUST-0081,2024-03-01,540.04,0
CUST-0081,2024-04-01,598.17,0
CUST-0081,2024-05-01,598.17,0
CUST-0081,2024-06-01,598.17,0
CUST-0081,2024-07-01,598.17,0
CUST-0081,2024-08-01,598.17,0
CUST-0081,2024-09-01,598.17,0
CUST-0081,2024-10-01,598.17,0
CUST-0081,2024-11-01,532.33,0
CUST-0081,2024-12-01,532.33,0
CUST-0082,2024-02-01,238.23,0
CUST-0082,2024-03-01,196.21,0
CUST-0082,2024-04-01,196.21,0
CUST-0082,2024-05-01,196.21,0
CUST-0082,2024-06-01,196.21,0
CUST-0082,2024-07-01,196.21,0
CUST-0082,2024-08-01,214.39,0
CUST-0082,2024-09-01,214.39,0
CUST-0082,2024-10-01,214.39,0
CUST-0082,2024-11-01,214.39,0
CUST-0082,2024-12-01,214.39,0
CUST-0083,2024-02-01,676.67,0
CUST-0083,2024-03-01,676.67,0
CUST-0083,2024-04-01,740.37,0
CUST-0083,2024-05-01,740.37,0
CUST-0083,2024-06-01,740.37,0
CUST-0083,2024-07-01,740.37,0
CUST-0083,2024-08-01,740.37,0
CUST-0083,2024-09-01,740.37,0
CUST-0083,2024-10-01,740.37,0
CUST-0083,2024-11-01,740.37,0
CUST-0083,2024-12-01,605.21,0
CUST-0084,2024-02-01,1829.83,0
CUST-0084,2024-03-01,1829.83,0
CUST-0084,2024-04-01,1829.83,0
CUST-0084,2024-05-01,1829.83,0
CUST-0084,2024-06-01,2149.73,0
CUST-0084,2024-07-01,2149.73,0
CUST-0084,2024-08-01,2149.73,0
CUST-0084,2024-09-01,2557.55,0
CUST-0084,2024-10-01,2557.55,0
CUST-0084,2024-11-01,2557.55,0
CUST-0084,2024-12-01,2557.55,0
CUST-0085,2024-02-01,111.77,0
CUST-0085,2024-03-01,111.77,0
CUST-0085,2024-04-01,111.77,0
CUST-0085,2024-05-01,111.77,0
CUST-0085,2024-06-01,111.77,0
CUST-0085,2024-07-01,132.79,0
CUST-0085,2024-08-01,132.79,0
CUST-0085,2024-09-01,132.79,0
CUST-0085,2024-10-01,115.84,0
CUST-0085,2024-11-01,115.84,0
CUST-0085,2024-12-01,115.84,0
CUST-0086,2024-02-01,391.15,0
CUST-0086,2024-03-01,391.15,0
CUST-0086,2024-04-01,391.15,0
CUST-0086,2024-05-01,391.15,0
CUST-0086,2024-06-01,391.15,0
CUST-0086,2024-07-01,391.15,0
CUST-0086,2024-08-01,391.15,0
CUST-0086,2024-09-01,391.15,0
CUST-0086,2024-10-01,391.15,0
CUST-0086,2024-11-01,325.29,0
CUST-0086,2024-12-01,325.29,0
CUST-0087,2024-02-01,3429.18,0
CUST-0087,2024-03-01,3429.18,0
CUST-0087,2024-04-01,3429.18,0
CUST-0087,2024-05-01,3429.18,0
CUST-0087,2024-06-01,3429.18,0
CUST-0087,2024-07-01,3429.18,0
CUST-0087,2024-08-01,3429.18,0
CUST-0087,2024-09-01,3429.18,0
CUST-0087,2024-10-01,3429.18,0
CUST-0087,2024-11-01,3429.18,0
CUST-0087,2024-12-01,3429.18,0
CUST-0088,2024-02-01,350.38,0
CUST-0088,2024-03-01,350.38,0
CUST-0088,2024-04-01,350.38,0
CUST-0088,2024-05-01,350.38,0
CUST-0088,2024-06-01,350.38,0
CUST-0088,2024-07-01,350.38,0
CUST-0088,2024-08-01,350.38,0
CUST-0088,2024-09-01,350.38,0
CUST-0088,2024-10-01,410.67,0
CUST-0088,2024-11-01,410.67,0
CUST-0088,2024-12-01,410.67,0
CUST-0089,2024-02-01,322.03,0
CUST-0089,2024-03-01,322.03,0
CUST-0089,2024-04-01,343.99,0
CUST-0089,2024-05-01,343.99,0
CUST-0089,2024-06-01,343.99,0
CUST-0089,2024-07-01,343.99,0
CUST-0089,2024-08-01,343.99,0
CUST-0089,2024-09-01,343.99,0
CUST-0089,2024-10-01,343.99,0
CUST-0089,2024-11-01,343.99,0
CUST-0089,2024-12-01,343.99,0
CUST-0090,2024-02-01,338.61,0
CUST-0090,2024-03-01,338.61,0
CUST-0090,2024-04-01,338.61,0
CUST-0090,2024-05-01,363.77,0
CUST-0090,2024-06-01,363.77,0
CUST-0090,2024-07-01,363.77,0
CUST-0090,2024-08-01,363.77,0
CUST-0090,2024-09-01,363.77,0
CUST-0090,2024-10-01,363.77,0
CUST-0090,2024-11-01,363.77,0
CUST-0090,2024-12-01,330.73,0
CUST-0091,2024-02-01,289.62,0
CUST-0091,2024-03-01,289.62,0
CUST-0091,2024-04-01,289.62,0
CUST-0091,2024-05-01,342.27,0
CUST-0091,2024-06-01,294.2,0
CUST-0091,2024-07-01,294.2,0
CUST-0091,2024-08-01,294.2,0
CUST-0091,2024-09-01,294.2,0
CUST-0091,2024-10-01,294.2,0
CUST-0091,2024-11-01,294.2,0
CUST-0091,2024-12-01,294.2,0
CUST-0092,2024-02-01,505.04,0
CUST-0092,2024-03-01,505.04,0
CUST-0092,2024-04-01,505.04,0
CUST-0092,2024-05-01,505.04,0
CUST-0092,2024-06-01,505.04,0
CUST-0092,2024-07-01,505.04,0
CUST-0092,2024-08-01,505.04,0
CUST-0092,2024-09-01,505.04,0
CUST-0092,2024-10-01,505.04,0
CUST-0092,2024-11-01,505.04,0
CUST-0092,2024-12-01,505.04,0
CUST-0093,2024-02-01,891.6,0
CUST-0093,2024-03-01,891.6,0
CUST-0093,2024-04-01,1045.23,0
CUST-0093,2024-05-01,1045.23,0
CUST-0093,2024-06-01,980.75,0
CUST-0093,2024-07-01,980.75,0
CUST-0093,2024-08-01,1093.11,0
CUST-0093,2024-09-01,1093.11,0
CUST-0093,2024-10-01,1209.03,0
CUST-0093,2024-11-01,1209.03,0
CUST-0093,2024-12-01,1209.03,0
CUST-0094,2024-02-01,217.31,0
CUST-0094,2024-03-01,217.31,0
CUST-0094,2024-04-01,217.31,0
CUST-0094,2024-05-01,217.31,0
CUST-0094,2024-06-01,217.31,0
CUST-0094,2024-07-01,217.31,0
CUST-0094,2024-08-01,217.31,0
CUST-0094,2024-09-01,217.31,0
CUST-0094,2024-10-01,217.31,0
CUST-0094,2024-11-01,217.31,0
CUST-0094,2024-12-01,217.31,0
CUST-0095,2024-02-01,137.52,0
CUST-0095,2024-03-01,164.45,0
CUST-0095,2024-04-01,164.45,0
CUST-0095,2024-05-01,133.78,0
CUST-0095,2024-06-01,144.83,0
CUST-0095,2024-07-01,144.83,0
CUST-0095,2024-08-01,0.0,1
CUST-0095,2024-09-01,0.0,0
CUST-0095,2024-10-01,0.0,0
CUST-0095,2024-11-01,0.0,0
CUST-0095,2024-12-01,0.0,0
CUST-0096,2024-02-01,58.85,0
CUST-0096,2024-03-01,47.79,0
CUST-0096,2024-04-01,47.79,0
CUST-0096,2024-05-01,47.79,0
CUST-0096,2024-06-01,47.79,0
CUST-0096,2024-07-01,47.79,0
CUST-0096,2024-08-01,45.22,0
CUST-0096,2024-09-01,45.22,0
CUST-0096,2024-10-01,45.22,0
CUST-0096,2024-11-01,45.22,0
CUST-0096,2024-12-01,45.22,0
CUST-0097,2024-02-01,3236.62,0
CUST-0097,2024-03-01,3236.62,0
CUST-0097,2024-04-01,3236.62,0
CUST-0097,2024-05-01,3236.62,0
CUST-0097,2024-06-01,3236.62,0
CUST-0097,2024-07-01,3236.62,0
CUST-0097,2024-08-01,3236.62,0
CUST-0097,2024-09-01,3236.62,0
CUST-0097,2024-10-01,3236.62,0
CUST-0097,2024-11-01,3784.12,0
CUST-0097,2024-12-01,3784.12,0
CUST-0098,2024-02-01,391.02,0
CUST-0098,2024-03-01,391.02,0
CUST-0098,2024-04-01,391.02,0
CUST-0098,2024-05-01,391.02,0
CUST-0098,2024-06-01,391.02,0
CUST-0098,2024-07-01,391.02,0
CUST-0098,2024-08-01,391.02,0
CUST-0098,2024-09-01,391.02,0
CUST-0098,2024-10-01,391.02,0
CUST-0098,2024-11-01,391.02,0
CUST-0098,2024-12-01,391.02,0
CUST-0099,2024-02-01,5404.92,0
CUST-0099,2024-03-01,4630.21,0
CUST-0099,2024-04-01,4630.21,0
CUST-0099,2024-05-01,5352.49,0
CUST-0099,2024-06-01,5352.49,0
CUST-0099,2024-07-01,5352.49,0
CUST-0099,2024-08-01,5352.49,0
CUST-0099,2024-09-01,5352.49,0
CUST-0099,2024-10-01,5352.49,0
CUST-0099,2024-11-01,5352.49,0
CUST-0099,2024-12-01,5352.49,0
CUST-0100,2024-02-01,4783.2,0
CUST-0100,2024-03-01,4783.2,0
CUST-0100,2024-04-01,4783.2,0
CUST-0100,2024-05-01,4783.2,0
CUST-0100,2024-06-01,4783.2,0
CUST-0100,2024-07-01,5716.28,0
CUST-0100,2024-08-01,5716.28,0
CUST-0100,2024-09-01,5716.28,0
CUST-0100,2024-10-01,5716.28,0
CUST-0100,2024-11-01,5716.28,0
CUST-0100,2024-12-01,6567.05,0
CUST-0101,2024-02-01,363.23,0
CUST-0101,2024-03-01,296.42,0
CUST-0101,2024-04-01,265.67,0
CUST-0101,2024-05-01,265.67,0
CUST-0101,2024-06-01,265.67,0
CUST-0101,2024-07-01,287.75,0
CUST-0101,2024-08-01,269.95,0
CUST-0101,2024-09-01,269.95,0
CUST-0101,2024-10-01,269.95,0
CUST-0101,2024-11-01,269.95,0
CUST-0101,2024-12-01,269.95,0
CUST-0102,2024-02-01,321.62,0
CUST-0102,2024-03-01,367.46,0
CUST-0102,2024-04-01,367.46,0
CUST-0102,2024-05-01,367.46,0
CUST-0102,2024-06-01,367.46,0
CUST-0102,2024-07-01,398.57,0
CUST-0102,2024-08-01,398.57,0
CUST-0102,2024-09-01,398.57,0
CUST-0102,2024-10-01,398.57,0
CUST-0102,2024-11-01,398.57,0
CUST-0102,2024-12-01,398.57,0
CUST-0103,2024-02-01,1193.31,0
CUST-0103,2024-03-01,1193.31,0
CUST-0103,2024-04-01,1193.31,0
CUST-0103,2024-05-01,1193.31,0
CUST-0103,2024-06-01,1193.31,0
CUST-0103,2024-07-01,1193.31,0
CUST-0103,2024-08-01,1193.31,0
CUST-0103,2024-09-01,1193.31,0
CUST-0103,2024-10-01,1193.31,0
CUST-0103,2024-11-01,1193.31,0
CUST-0103,2024-12-01,1193.31,0
CUST-0104,2024-02-01,111.23,0
CUST-0104,2024-03-01,111.23,0
CUST-0104,2024-04-01,89.56,0
CUST-0104,2024-05-01,73.46,0
CUST-0104,2024-06-01,69.62,0
CUST-0104,2024-07-01,69.62,0
CUST-0104,2024-08-01,69.62,0
CUST-0104,2024-09-01,69.62,0
CUST-0104,2024-10-01,69.62,0
CUST-0104,2024-11-01,69.62,0
CUST-0104,2024-12-01,69.62,0
CUST-0105,2024-02-01,302.35,0
CUST-0105,2024-03-01,302.35,0
CUST-0105,2024-04-01,302.35,0
CUST-0105,2024-05-01,302.35,0
CUST-0105,2024-06-01,332.19,0
CUST-0105,2024-07-01,332.19,0
CUST-0105,2024-08-01,332.19,0
CUST-0105,2024-09-01,332.19,0
CUST-0105,2024-10-01,306.03,0
CUST-0105,2024-11-01,306.03,0
CUST-0105,2024-12-01,306.03,0
CUST-0106,2024-02-01,1316.13,0
CUST-0106,2024-03-01,1316.13,0
CUST-0106,2024-04-01,1316.13,0
CUST-0106,2024-05-01,1316.13,0
CUST-0106,2024-06-01,1316.13,0
CUST-0106,2024-07-01,1485.46,0
CUST-0106,2024-08-01,1485.46,0
CUST-0106,2024-09-01,1485.46,0
CUST-0106,2024-10-01,1485.46,0
CUST-0106,2024-11-01,1485.46,0
CUST-0106,2024-12-01,1485.46,0
CUST-0107,2024-02-01,68.91,0
CUST-0107,2024-03-01,68.91,0
CUST-0107,2024-04-01,68.91,0
CUST-0107,2024-05-01,68.91,0
CUST-0107,2024-06-01,68.91,0
CUST-0107,2024-07-01,68.91,0
CUST-0107,2024-08-01,68.91,0
CUST-0107,2024-09-01,68.91,0
CUST-0107,2024-10-01,68.91,0
CUST-0107,2024-11-01,68.91,0
CUST-0107,2024-12-01,68.91,0
CUST-0108,2024-02-01,90.24,0
CUST-0108,2024-03-01,90.24,0
CUST-0108,2024-04-01,90.24,0
CUST-0108,2024-05-01,90.24,0
CUST-0108,2024-06-01,90.24,0
CUST-0108,2024-07-01,90.24,0
CUST-0108,2024-08-01,90.24,0
CUST-0108,2024-09-01,90.24,0
CUST-0108,2024-10-01,90.24,0
CUST-0108,2024-11-01,90.24,0
CUST-0108,2024-12-01,90.24,0
CUST-0109,2024-02-01,336.72,0
CUST-0109,2024-03-01,336.72,0
CUST-0109,2024-04-01,336.72,0
CUST-0109,2024-05-01,336.72,0
CUST-0109,2024-06-01,336.72,0
CUST-0109,2024-07-01,336.72,0
CUST-0109,2024-08-01,336.72,0
CUST-0109,2024-09-01,336.72,0
CUST-0109,2024-10-01,336.72,0
CUST-0109,2024-11-01,336.72,0
CUST-0109,2024-12-01,336.72,0
CUST-0110,2024-02-01,1784.25,0
CUST-0110,2024-03-01,1927.18,0
CUST-0110,2024-04-01,1927.18,0
CUST-0110,2024-05-01,1927.18,0
CUST-0110,2024-06-01,2214.44,0
CUST-0110,2024-07-01,2214.44,0
CUST-0110,2024-08-01,2214.44,0
CUST-0110,2024-09-01,2214.44,0
CUST-0110,2024-10-01,2214.44,0
CUST-0110,2024-11-01,2214.44,0
CUST-0110,2024-12-01,2214.44,0
CUST-0111,2024-02-01,2757.22,0
CUST-0111,2024-03-01,2757.22,0
CUST-0111,2024-04-01,2757.22,0
CUST-0111,2024-05-01,3276.52,0
CUST-0111,2024-06-01,3276.52,0
CUST-0111,2024-07-01,2957.54,0
CUST-0111,2024-08-01,2957.54,0
CUST-0111,2024-09-01,2957.54,0
CUST-0111,2024-10-01,2957.54,0
CUST-0111,2024-11-01,2957.54,0
CUST-0111,2024-12-01,2957.54,0
CUST-0112,2024-02-01,286.44,0
CUST-0112,2024-03-01,286.44,0
CUST-0112,2024-04-01,286.44,0
CUST-0112,2024-05-01,286.44,0
CUST-0112,2024-06-01,286.44,0
CUST-0112,2024-07-01,286.44,0
CUST-0112,2024-08-01,286.44,0
CUST-0112,2024-09-01,286.44,0
CUST-0112,2024-10-01,286.44,0
CUST-0112,2024-11-01,286.44,0
CUST-0112,2024-12-01,286.44,0
CUST-0113,2024-02-01,196.59,0
CUST-0113,2024-03-01,196.59,0
CUST-0113,2024-04-01,196.59,0
CUST-0113,2024-05-01,196.59,0
CUST-0113,2024-06-01,196.59,0
CUST-0113,2024-07-01,222.14,0
CUST-0113,2024-08-01,222.14,0
CUST-0113,2024-09-01,222.14,0
CUST-0113,2024-10-01,243.87,0
CUST-0113,2024-11-01,243.87,0
CUST-0113,2024-12-01,243.87,0
CUST-0114,2024-02-01,32.47,0
CUST-0114,2024-03-01,32.47,0
CUST-0114,2024-04-01,32.47,0
CUST-0114,2024-05-01,38.9,0
CUST-0114,2024-06-01,38.9,0
CUST-0114,2024-07-01,38.9,0
CUST-0114,2024-08-01,31.58,0
CUST-0114,2024-09-01,31.58,0
CUST-0114,2024-10-01,31.58,0
CUST-0114,2024-11-01,31.58,0
CUST-0114,2024-12-01,31.58,0
CUST-0115,2024-02-01,3893.22,0
CUST-0115,2024-03-01,3893.22,0
CUST-0115,2024-04-01,3893.22,0
CUST-0115,2024-05-01,3893.22,0
CUST-0115,2024-06-01,3893.22,0
CUST-0115,2024-07-01,3893.22,0
CUST-0115,2024-08-01,3893.22,0
CUST-0115,2024-09-01,3893.22,0
CUST-0115,2024-10-01,3893.22,0
CUST-0115,2024-11-01,3893.22,0
CUST-0115,2024-12-01,3893.22,0
CUST-0116,2024-02-01,2620.54,0
CUST-0116,2024-03-01,2620.54,0
CUST-0116,2024-04-01,2620.54,0
CUST-0116,2024-05-01,2794.54,0
CUST-0116,2024-06-01,2794.54,0
CUST-0116,2024-07-01,2794.54,0
CUST-0116,2024-08-01,2794.54,0
CUST-0116,2024-09-01,3096.66,0
CUST-0116,2024-10-01,3096.66,0
CUST-0116,2024-11-01,3096.66,0
CUST-0116,2024-12-01,3096.66,0
CUST-0117,2024-02-01,131.01,0
CUST-0117,2024-03-01,131.01,0
CUST-0117,2024-04-01,131.01,0
CUST-0117,2024-05-01,131.01,0
CUST-0117,2024-06-01,147.4,0
CUST-0117,2024-07-01,147.4,0
CUST-0117,2024-08-01,147.4,0
CUST-0117,2024-09-01,147.4,0
CUST-0117,2024-10-01,164.8,0
CUST-0117,2024-11-01,164.8,0
CUST-0117,2024-12-01,164.8,0
CUST-0118,2024-02-01,1167.47,0
CUST-0118,2024-03-01,1167.47,0
CUST-0118,2024-04-01,1167.47,0
CUST-0118,2024-05-01,1167.47,0
CUST-0118,2024-06-01,1349.7,0
CUST-0118,2024-07-01,1349.7,0
CUST-0118,2024-08-01,1349.7,0
CUST-0118,2024-09-01,1114.36,0
CUST-0118,2024-10-01,1114.36,0
CUST-0118,2024-11-01,1114.36,0
CUST-0118,2024-12-01,1114.36,0
CUST-0119,2024-02-01,812.79,0
CUST-0119,2024-03-01,812.79,0
CUST-0119,2024-04-01,812.79,0
CUST-0119,2024-05-01,812.79,0
CUST-0119,2024-06-01,946.75,0
CUST-0119,2024-07-01,1064.76,0
CUST-0119,2024-08-01,1064.76,0
CUST-0119,2024-09-01,1064.76,0
CUST-0119,2024-10-01,1064.76,0
CUST-0119,2024-11-01,1064.76,0
CUST-0119,2024-12-01,992.7,0
CUST-0120,2024-02-01,305.55,0
CUST-0120,2024-03-01,305.55,0
CUST-0120,2024-04-01,305.55,0
CUST-0120,2024-05-01,305.55,0
CUST-0120,2024-06-01,347.32,0
CUST-0120,2024-07-01,347.32,0
CUST-0120,2024-08-01,370.36,0
CUST-0120,2024-09-01,370.36,0
CUST-0120,2024-10-01,370.36,0
CUST-0120,2024-11-01,370.36,0
CUST-0120,2024-12-01,370.36,0
CUST-0121,2024-02-01,834.57,0
CUST-0121,2024-03-01,972.51,0
CUST-0121,2024-04-01,972.51,0
CUST-0121,2024-05-01,972.51,0
CUST-0121,2024-06-01,972.51,0
CUST-0121,2024-07-01,972.51,0
CUST-0121,2024-08-01,972.51,0
CUST-0121,2024-09-01,972.51,0
CUST-0121,2024-10-01,972.51,0
CUST-0121,2024-11-01,972.51,0
CUST-0121,2024-12-01,972.51,0
CUST-0122,2024-02-01,66.04,0
CUST-0122,2024-03-01,66.04,0
CUST-0122,2024-04-01,66.04,0
CUST-0122,2024-05-01,66.04,0
CUST-0122,2024-06-01,66.04,0
CUST-0122,2024-07-01,66.04,0
CUST-0122,2024-08-01,66.04,0
CUST-0122,2024-09-01,66.04,0
CUST-0122,2024-10-01,66.04,0
CUST-0122,2024-11-01,66.04,0
CUST-0122,2024-12-01,66.04,0
CUST-0123,2024-02-01,417.7,0
CUST-0123,2024-03-01,417.7,0
CUST-0123,2024-04-01,460.49,0
CUST-0123,2024-05-01,460.49,0
CUST-0123,2024-06-01,460.49,0
CUST-0123,2024-07-01,460.49,0
CUST-0123,2024-08-01,460.49,0
CUST-0123,2024-09-01,460.49,0
CUST-0123,2024-10-01,460.49,0
CUST-0123,2024-11-01,460.49,0
CUST-0123,2024-12-01,460.49,0
CUST-0124,2024-02-01,399.12,0
CUST-0124,2024-03-01,399.12,0
CUST-0124,2024-04-01,427.2,0
CUST-0124,2024-05-01,427.2,0
CUST-0124,2024-06-01,427.2,0
CUST-0124,2024-07-01,427.2,0
CUST-0124,2024-08-01,427.2,0
CUST-0124,2024-09-01,427.2,0
CUST-0124,2024-10-01,427.2,0
CUST-0124,2024-11-01,485.56,0
CUST-0124,2024-12-01,485.56,0
CUST-0125,2024-02-01,220.58,0
CUST-0125,2024-03-01,220.58,0
CUST-0125,2024-04-01,220.58,0
CUST-0125,2024-05-01,220.58,0
CUST-0125,2024-06-01,220.58,0
CUST-0125,2024-07-01,257.49,0
CUST-0125,2024-08-01,257.49,0
CUST-0125,2024-09-01,257.49,0
CUST-0125,2024-10-01,304.24,0
CUST-0125,2024-11-01,304.24,0
CUST-0125,2024-12-01,304.24,0
CUST-0126,2024-02-01,387.4,0
CUST-0126,2024-03-01,418.51,0
CUST-0126,2024-04-01,471.2,0
CUST-0126,2024-05-01,471.2,0
CUST-0126,2024-06-01,471.2,0
CUST-0126,2024-07-01,471.2,0
CUST-0126,2024-08-01,471.2,0
CUST-0126,2024-09-01,471.2,0
CUST-0126,2024-10-01,471.2,0
CUST-0126,2024-11-01,471.2,0
CUST-0126,2024-12-01,522.15,0
CUST-0127,2024-02-01,291.55,0
CUST-0127,2024-03-01,270.33,0
CUST-0127,2024-04-01,270.33,0
CUST-0127,2024-05-01,270.33,0
CUST-0127,2024-06-01,270.33,0
CUST-0127,2024-07-01,314.6,0
CUST-0127,2024-08-01,314.6,0
CUST-0127,2024-09-01,314.6,0
CUST-0127,2024-10-01,314.6,0
CUST-0127,2024-11-01,314.6,0
CUST-0127,2024-12-01,314.6,0
CUST-0128,2024-02-01,2050.72,0
CUST-0128,2024-03-01,2320.14,0
CUST-0128,2024-04-01,2320.14,0
CUST-0128,2024-05-01,2320.14,0
CUST-0128,2024-06-01,2320.14,0
CUST-0128,2024-07-01,2320.14,0
CUST-0128,2024-08-01,2320.14,0
CUST-0128,2024-09-01,2750.51,0
CUST-0128,2024-10-01,3046.3,0
CUST-0128,2024-11-01,3377.7,0
CUST-0128,2024-12-01,3377.7,0
CUST-0129,2024-02-01,3931.74,0
CUST-0129,2024-03-01,3931.74,0
CUST-0129,2024-04-01,3931.74,0
CUST-0129,2024-05-01,3931.74,0
CUST-0129,2024-06-01,4672.55,0
CUST-0129,2024-07-01,4672.55,0
CUST-0129,2024-08-01,5468.53,0
CUST-0129,2024-09-01,5468.53,0
CUST-0129,2024-10-01,5468.53,0
CUST-0129,2024-11-01,5468.53,0
CUST-0129,2024-12-01,5468.53,0
CUST-0130,2024-02-01,757.55,0
CUST-0130,2024-03-01,757.55,0
CUST-0130,2024-04-01,757.55,0
CUST-0130,2024-05-01,757.55,0
CUST-0130,2024-06-01,757.55,0
CUST-0130,2024-07-01,849.82,0
CUST-0130,2024-08-01,849.82,0
CUST-0130,2024-09-01,849.82,0
CUST-0130,2024-10-01,849.82,0
CUST-0130,2024-11-01,849.82,0
CUST-0130,2024-12-01,849.82,0
CUST-0131,2024-02-01,301.48,0
CUST-0131,2024-03-01,301.48,0
CUST-0131,2024-04-01,301.48,0
CUST-0131,2024-05-01,301.48,0
CUST-0131,2024-06-01,301.48,0
CUST-0131,2024-07-01,301.48,0
CUST-0131,2024-08-01,301.48,0
CUST-0131,2024-09-01,301.48,0
CUST-0131,2024-10-01,301.48,0
CUST-0131,2024-11-01,301.48,0
CUST-0131,2024-12-01,343.51,0
CUST-0132,2024-02-01,68.7,0
CUST-0132,2024-03-01,68.7,0
CUST-0132,2024-04-01,68.7,0
CUST-0132,2024-05-01,68.7,0
CUST-0132,2024-06-01,68.7,0
CUST-0132,2024-07-01,68.7,0
CUST-0132,2024-08-01,68.7,0
CUST-0132,2024-09-01,68.7,0
CUST-0132,2024-10-01,68.7,0
CUST-0132,2024-11-01,68.7,0
CUST-0132,2024-12-01,68.7,0
CUST-0133,2024-02-01,1362.8,0
CUST-0133,2024-03-01,1362.8,0
CUST-0133,2024-04-01,1362.8,0
CUST-0133,2024-05-01,1362.8,0
CUST-0133,2024-06-01,1362.8,0
CUST-0133,2024-07-01,1362.8,0
CUST-0133,2024-08-01,1362.8,0
CUST-0133,2024-09-01,1362.8,0
CUST-0133,2024-10-01,1615.14,0
CUST-0133,2024-11-01,1427.79,0
CUST-0133,2024-12-01,1427.79,0
CUST-0134,2024-02-01,3416.16,0
CUST-0134,2024-03-01,3416.16,0
CUST-0134,2024-04-01,3416.16,0
CUST-0134,2024-05-01,3416.16,0
CUST-0134,2024-06-01,3416.16,0
CUST-0134,2024-07-01,3416.16,0
CUST-0134,2024-08-01,3416.16,0
CUST-0134,2024-09-01,3416.16,0
CUST-0134,2024-10-01,3416.16,0
CUST-0134,2024-11-01,3919.22,0
CUST-0134,2024-12-01,3919.22,0
CUST-0135,2024-02-01,249.53,0
CUST-0135,2024-03-01,249.53,0
CUST-0135,2024-04-01,249.53,0
CUST-0135,2024-05-01,249.53,0
CUST-0135,2024-06-01,249.53,0
CUST-0135,2024-07-01,249.53,0
CUST-0135,2024-08-01,249.53,0
CUST-0135,2024-09-01,249.53,0
CUST-0135,2024-10-01,280.65,0
CUST-0135,2024-11-01,280.65,0
CUST-0135,2024-12-01,280.65,0
CUST-0136,2024-02-01,118.33,0
CUST-0136,2024-03-01,132.82,0
CUST-0136,2024-04-01,132.82,0
CUST-0136,2024-05-01,132.82,0
CUST-0136,2024-06-01,132.82,0
CUST-0136,2024-07-01,132.82,0
CUST-0136,2024-08-01,132.82,0
CUST-0136,2024-09-01,132.82,0
CUST-0136,2024-10-01,132.82,0
CUST-0136,2024-11-01,132.82,0
CUST-0136,2024-12-01,132.82,0
CUST-0137,2024-02-01,300.09,0
CUST-0137,2024-03-01,300.09,0
CUST-0137,2024-04-01,335.53,0
CUST-0137,2024-05-01,335.53,0
CUST-0137,2024-06-01,335.53,0
CUST-0137,2024-07-01,335.53,0
CUST-0137,2024-08-01,335.53,0
CUST-0137,2024-09-01,335.53,0
CUST-0137,2024-10-01,335.53,0
CUST-0137,2024-11-01,335.53,0
CUST-0137,2024-12-01,335.53,0
CUST-0138,2024-02-01,848.33,0
CUST-0138,2024-03-01,952.43,0
CUST-0138,2024-04-01,952.43,0
CUST-0138,2024-05-01,952.43,0
CUST-0138,2024-06-01,952.43,0
CUST-0138,2024-07-01,952.43,0
CUST-0138,2024-08-01,952.43,0
CUST-0138,2024-09-01,952.43,0
CUST-0138,2024-10-01,952.43,0
CUST-0138,2024-11-01,952.43,0
CUST-0138,2024-12-01,952.43,0
CUST-0139,2024-02-01,1120.55,0
CUST-0139,2024-03-01,1120.55,0
CUST-0139,2024-04-01,1120.55,0
CUST-0139,2024-05-01,1120.55,0
CUST-0139,2024-06-01,1120.55,0
CUST-0139,2024-07-01,1120.55,0
CUST-0139,2024-08-01,1120.55,0
CUST-0139,2024-09-01,1221.02,0
CUST-0139,2024-10-01,1221.02,0
CUST-0139,2024-11-01,1221.02,0
CUST-0139,2024-12-01,1221.02,0
CUST-0140,2024-02-01,31.56,0
CUST-0140,2024-03-01,31.56,0
CUST-0140,2024-04-01,31.56,0
CUST-0140,2024-05-01,31.56,0
CUST-0140,2024-06-01,31.56,0
CUST-0140,2024-07-01,31.56,0
CUST-0140,2024-08-01,31.56,0
CUST-0140,2024-09-01,31.56,0
CUST-0140,2024-10-01,31.56,0
CUST-0140,2024-11-01,31.56,0
CUST-0140,2024-12-01,31.56,0
CUST-0141,2024-02-01,34.35,0
CUST-0141,2024-03-01,34.35,0
CUST-0141,2024-04-01,34.35,0
CUST-0141,2024-05-01,34.35,0
CUST-0141,2024-06-01,34.35,0
CUST-0141,2024-07-01,27.52,0
CUST-0141,2024-08-01,30.59,0
CUST-0141,2024-09-01,30.59,0
CUST-0141,2024-10-01,30.59,0
CUST-0141,2024-11-01,27.31,0
CUST-0141,2024-12-01,31.11,0
CUST-0142,2024-02-01,61.62,0
CUST-0142,2024-03-01,61.62,0
CUST-0142,2024-04-01,61.62,0
CUST-0142,2024-05-01,61.62,0
CUST-0142,2024-06-01,61.62,0
CUST-0142,2024-07-01,61.62,0
CUST-0142,2024-08-01,66.4,0
CUST-0142,2024-09-01,66.4,0
CUST-0142,2024-10-01,74.24,0
CUST-0142,2024-11-01,74.24,0
CUST-0142,2024-12-01,74.24,0
CUST-0143,2024-02-01,139.54,0
CUST-0143,2024-03-01,139.54,0
CUST-0143,2024-04-01,154.65,0
CUST-0143,2024-05-01,154.65,0
CUST-0143,2024-06-01,154.65,0
CUST-0143,2024-07-01,185.1,0
CUST-0143,2024-08-01,185.1,0
CUST-0143,2024-09-01,185.1,0
CUST-0143,2024-10-01,185.1,0
CUST-0143,2024-11-01,185.1,0
CUST-0143,2024-12-01,185.1,0
CUST-0144,2024-02-01,2994.52,0
CUST-0144,2024-03-01,2994.52,0
CUST-0144,2024-04-01,3367.8,0
CUST-0144,2024-05-01,2713.35,0
CUST-0144,2024-06-01,2713.35,0
CUST-0144,2024-07-01,2713.35,0
CUST-0144,2024-08-01,3137.01,0
CUST-0144,2024-09-01,3137.01,0
CUST-0144,2024-10-01,3137.01,0
CUST-0144,2024-11-01,3137.01,0
CUST-0144,2024-12-01,3137.01,0
CUST-0145,2024-02-01,106.4,0
CUST-0145,2024-03-01,106.4,0
CUST-0145,2024-04-01,106.4,0
CUST-0145,2024-05-01,106.4,0
CUST-0145,2024-06-01,106.4,0
CUST-0145,2024-07-01,106.4,0
CUST-0145,2024-08-01,106.4,0
CUST-0145,2024-09-01,106.4,0
CUST-0145,2024-10-01,106.4,0
CUST-0145,2024-11-01,106.4,0
CUST-0145,2024-12-01,106.4,0
CUST-0146,2024-02-01,349.7,0
CUST-0146,2024-03-01,349.7,0
CUST-0146,2024-04-01,349.7,0
CUST-0146,2024-05-01,368.52,0
CUST-0146,2024-06-01,368.52,0
CUST-0146,2024-07-01,368.52,0
CUST-0146,2024-08-01,368.52,0
CUST-0146,2024-09-01,368.52,0
CUST-0146,2024-10-01,313.57,0
CUST-0146,2024-11-01,313.57,0
CUST-0146,2024-12-01,313.57,0
CUST-0147,2024-02-01,172.26,0
CUST-0147,2024-03-01,172.26,0
CUST-0147,2024-04-01,172.26,0
CUST-0147,2024-05-01,172.26,0
CUST-0147,2024-06-01,172.26,0
CUST-0147,2024-07-01,204.31,0
CUST-0147,2024-08-01,204.31,0
CUST-0147,2024-09-01,182.84,0
CUST-0147,2024-10-01,182.84,0
CUST-0147,2024-11-01,208.75,0
CUST-0147,2024-12-01,208.75,0
CUST-0148,2024-02-01,367.5,0
CUST-0148,2024-03-01,367.5,0
CUST-0148,2024-04-01,397.05,0
CUST-0148,2024-05-01,397.05,0
CUST-0148,2024-06-01,397.05,0
CUST-0148,2024-07-01,397.05,0
CUST-0148,2024-08-01,397.05,0
CUST-0148,2024-09-01,397.05,0
CUST-0148,2024-10-01,427.23,0
CUST-0148,2024-11-01,466.14,0
CUST-0148,2024-12-01,466.14,0
CUST-0149,2024-02-01,158.95,0
CUST-0149,2024-03-01,158.95,0
CUST-0149,2024-04-01,158.95,0
CUST-0149,2024-05-01,158.95,0
CUST-0149,2024-06-01,158.95,0
CUST-0149,2024-07-01,167.07,0
CUST-0149,2024-08-01,167.07,0
CUST-0149,2024-09-01,167.07,0
CUST-0149,2024-10-01,167.07,0
CUST-0149,2024-11-01,167.07,0
CUST-0149,2024-12-01,167.07,0
CUST-0150,2024-02-01,31.99,0
CUST-0150,2024-03-01,31.99,0
CUST-0150,2024-04-01,31.99,0
CUST-0150,2024-05-01,31.99,0
CUST-0150,2024-06-01,31.99,0
CUST-0150,2024-07-01,31.99,0
CUST-0150,2024-08-01,31.99,0
CUST-0150,2024-09-01,31.99,0
CUST-0150,2024-10-01,31.99,0
CUST-0150,2024-11-01,31.99,0
CUST-0150,2024-12-01,31.99,0
CUST-0151,2024-02-01,2471.22,0
CUST-0151,2024-03-01,2471.22,0
CUST-0151,2024-04-01,2471.22,0
CUST-0151,2024-05-01,2471.22,0
CUST-0151,2024-06-01,2729.78,0
CUST-0151,2024-07-01,2729.78,0
CUST-0151,2024-08-01,2729.78,0
CUST-0151,2024-09-01,2729.78,0
CUST-0151,2024-10-01,3086.3,0
CUST-0151,2024-11-01,2707.41,0
CUST-0151,2024-12-01,2938.34,0
CUST-0152,2024-02-01,729.79,0
CUST-0152,2024-03-01,729.79,0
CUST-0152,2024-04-01,729.79,0
CUST-0152,2024-05-01,791.21,0
CUST-0152,2024-06-01,791.21,0
CUST-0152,2024-07-01,791.21,0
CUST-0152,2024-08-01,900.21,0
CUST-0152,2024-09-01,1004.08,0
CUST-0152,2024-10-01,1004.08,0
CUST-0152,2024-11-01,1004.08,0
CUST-0152,2024-12-01,1004.08,0
CUST-0153,2024-02-01,195.65,0
CUST-0153,2024-03-01,173.21,0
CUST-0153,2024-04-01,173.21,0
CUST-0153,2024-05-01,173.21,0
CUST-0153,2024-06-01,173.21,0
CUST-0153,2024-07-01,173.21,0
CUST-0153,2024-08-01,173.21,0
CUST-0153,2024-09-01,173.21,0
CUST-0153,2024-10-01,173.21,0
CUST-0153,2024-11-01,173.21,0
CUST-0153,2024-12-01,173.21,0
CUST-0154,2024-02-01,89.71,0
CUST-0154,2024-03-01,99.96,0
CUST-0154,2024-04-01,99.96,0
CUST-0154,2024-05-01,99.96,0
CUST-0154,2024-06-01,99.96,0
CUST-0154,2024-07-01,99.96,0
CUST-0154,2024-08-01,94.83,0
CUST-0154,2024-09-01,94.83,0
CUST-0154,2024-10-01,94.83,0
CUST-0154,2024-11-01,94.83,0
CUST-0154,2024-12-01,106.62,0
CUST-0155,2024-02-01,189.73,0
CUST-0155,2024-03-01,189.73,0
CUST-0155,2024-04-01,189.73,0
CUST-0155,2024-05-01,189.73,0
CUST-0155,2024-06-01,218.26,0
CUST-0155,2024-07-01,218.26,0
CUST-0155,2024-08-01,218.26,0
CUST-0155,2024-09-01,218.26,0
CUST-0155,2024-10-01,218.26,0
CUST-0155,2024-11-01,218.26,0
CUST-0155,2024-12-01,218.26,0
CUST-0156,2024-02-01,321.79,0
CUST-0156,2024-03-01,321.79,0
CUST-0156,2024-04-01,358.44,0
CUST-0156,2024-05-01,358.44,0
CUST-0156,2024-06-01,358.44,0
CUST-0156,2024-07-01,358.44,0
CUST-0156,2024-08-01,358.44,0
CUST-0156,2024-09-01,427.19,0
CUST-0156,2024-10-01,427.19,0
CUST-0156,2024-11-01,471.98,0
CUST-0156,2024-12-01,471.98,0
CUST-0157,2024-02-01,173.39,0
CUST-0157,2024-03-01,200.51,0
CUST-0157,2024-04-01,200.51,0
CUST-0157,2024-05-01,200.51,0
CUST-0157,2024-06-01,200.51,0
CUST-0157,2024-07-01,200.51,0
CUST-0157,2024-08-01,200.51,0
CUST-0157,2024-09-01,200.51,0
CUST-0157,2024-10-01,200.51,0
CUST-0157,2024-11-01,200.51,0
CUST-0157,2024-12-01,200.51,0
CUST-0158,2024-02-01,1010.83,0
CUST-0158,2024-03-01,1010.83,0
CUST-0158,2024-04-01,1010.83,0
CUST-0158,2024-05-01,1010.83,0
CUST-0158,2024-06-01,1010.83,0
CUST-0158,2024-07-01,1010.83,0
CUST-0158,2024-08-01,1010.83,0
CUST-0158,2024-09-01,1197.52,0
CUST-0158,2024-10-01,1197.52,0
CUST-0158,2024-11-01,1306.96,0
CUST-0158,2024-12-01,1306.96,0
CUST-0159,2024-02-01,78.94,0
CUST-0159,2024-03-01,78.94,0
CUST-0159,2024-04-01,78.94,0
CUST-0159,2024-05-01,78.94,0
CUST-0159,2024-06-01,78.94,0
CUST-0159,2024-07-01,78.94,0
CUST-0159,2024-08-01,78.94,0
CUST-0159,2024-09-01,78.94,0
CUST-0159,2024-10-01,78.94,0
CUST-0159,2024-11-01,78.94,0
CUST-0159,2024-12-01,78.94,0
CUST-0160,2024-02-01,234.63,0
CUST-0160,2024-03-01,234.63,0
CUST-0160,2024-04-01,234.63,0
CUST-0160,2024-05-01,234.63,0
CUST-0160,2024-06-01,234.63,0
CUST-0160,2024-07-01,258.79,0
CUST-0160,2024-08-01,258.79,0
CUST-0160,2024-09-01,258.79,0
CUST-0160,2024-10-01,258.79,0
CUST-0160,2024-11-01,258.79,0
CUST-0160,2024-12-01,258.79,0
CUST-0161,2024-02-01,151.44,0
CUST-0161,2024-03-01,151.44,0
CUST-0161,2024-04-01,151.44,0
CUST-0161,2024-05-01,128.35,0
CUST-0161,2024-06-01,128.35,0
CUST-0161,2024-07-01,128.35,0
CUST-0161,2024-08-01,128.35,0
CUST-0161,2024-09-01,128.35,0
CUST-0161,2024-10-01,128.35,0
CUST-0161,2024-11-01,116.9,0
CUST-0161,2024-12-01,116.9,0
CUST-0162,2024-02-01,585.51,0
CUST-0162,2024-03-01,585.51,0
CUST-0162,2024-04-01,585.51,0
CUST-0162,2024-05-01,585.51,0
CUST-0162,2024-06-01,585.51,0
CUST-0162,2024-07-01,585.51,0
CUST-0162,2024-08-01,585.51,0
CUST-0162,2024-09-01,585.51,0
CUST-0162,2024-10-01,585.51,0
CUST-0162,2024-11-01,585.51,0
CUST-0162,2024-12-01,671.11,0
CUST-0163,2024-02-01,388.16,0
CUST-0163,2024-03-01,388.16,0
CUST-0163,2024-04-01,438.92,0
CUST-0163,2024-05-01,438.92,0
CUST-0163,2024-06-01,494.56,0
CUST-0163,2024-07-01,494.56,0
CUST-0163,2024-08-01,494.56,0
CUST-0163,2024-09-01,494.56,0
CUST-0163,2024-10-01,494.56,0
CUST-0163,2024-11-01,494.56,0
CUST-0163,2024-12-01,494.56,0
CUST-0164,2024-02-01,2139.11,0
CUST-0164,2024-03-01,2479.61,0
CUST-0164,2024-04-01,2479.61,0
CUST-0164,2024-05-01,2479.61,0
CUST-0164,2024-06-01,2479.61,0
CUST-0164,2024-07-01,2479.61,0
CUST-0164,2024-08-01,2479.61,0
CUST-0164,2024-09-01,2680.87,0
CUST-0164,2024-10-01,2680.87,0
CUST-0164,2024-11-01,2680.87,0
CUST-0164,2024-12-01,2680.87,0
CUST-0165,2024-02-01,3930.76,0
CUST-0165,2024-03-01,3930.76,0
CUST-0165,2024-04-01,3930.76,0
CUST-0165,2024-05-01,3930.76,0
CUST-0165,2024-06-01,3930.76,0
CUST-0165,2024-07-01,3631.78,0
CUST-0165,2024-08-01,3631.78,0
CUST-0165,2024-09-01,3631.78,0
CUST-0165,2024-10-01,3814.7,0
CUST-0165,2024-11-01,3814.7,0
CUST-0165,2024-12-01,3814.7,0
CUST-0166,2024-02-01,60.41,0
CUST-0166,2024-03-01,60.41,0
CUST-0166,2024-04-01,60.41,0
CUST-0166,2024-05-01,65.94,0
CUST-0166,2024-06-01,65.94,0
CUST-0166,2024-07-01,65.94,0
CUST-0166,2024-08-01,65.94,0
CUST-0166,2024-09-01,65.94,0
CUST-0166,2024-10-01,65.94,0
CUST-0166,2024-11-01,65.94,0
CUST-0166,2024-12-01,65.94,0
CUST-0167,2024-02-01,320.05,0
CUST-0167,2024-03-01,320.05,0
CUST-0167,2024-04-01,320.05,0
CUST-0167,2024-05-01,320.05,0
CUST-0167,2024-06-01,320.05,0
CUST-0167,2024-07-01,320.05,0
CUST-0167,2024-08-01,320.05,0
CUST-0167,2024-09-01,320.05,0
CUST-0167,2024-10-01,320.05,0
CUST-0167,2024-11-01,320.05,0
CUST-0167,2024-12-01,320.05,0
CUST-0168,2024-02-01,898.06,0
CUST-0168,2024-03-01,1021.1,0
CUST-0168,2024-04-01,896.25,0
CUST-0168,2024-05-01,896.25,0
CUST-0168,2024-06-01,896.25,0
CUST-0168,2024-07-01,961.84,0
CUST-0168,2024-08-01,961.84,0
CUST-0168,2024-09-01,961.84,0
CUST-0168,2024-10-01,961.84,0
CUST-0168,2024-11-01,961.84,0
CUST-0168,2024-12-01,961.84,0
CUST-0169,2024-02-01,51.67,0
CUST-0169,2024-03-01,51.67,0
CUST-0169,2024-04-01,51.67,0
CUST-0169,2024-05-01,51.67,0
CUST-0169,2024-06-01,51.67,0
CUST-0169,2024-07-01,51.67,0
CUST-0169,2024-08-01,47.65,0
CUST-0169,2024-09-01,47.65,0
CUST-0169,2024-10-01,47.65,0
CUST-0169,2024-11-01,47.65,0
CUST-0169,2024-12-01,54.97,0
CUST-0170,2024-02-01,337.07,0
CUST-0170,2024-03-01,337.07,0
CUST-0170,2024-04-01,359.37,0
CUST-0170,2024-05-01,359.37,0
CUST-0170,2024-06-01,383.75,0
CUST-0170,2024-07-01,383.75,0
CUST-0170,2024-08-01,383.75,0
CUST-0170,2024-09-01,383.75,0
CUST-0170,2024-10-01,383.75,0
CUST-0170,2024-11-01,383.75,0
CUST-0170,2024-12-01,451.63,0
CUST-0171,2024-02-01,4340.79,0
CUST-0171,2024-03-01,4340.79,0
CUST-0171,2024-04-01,4340.79,0
CUST-0171,2024-05-01,4340.79,0
CUST-0171,2024-06-01,4934.26,0
CUST-0171,2024-07-01,5341.58,0
CUST-0171,2024-08-01,5341.58,0
CUST-0171,2024-09-01,5341.58,0
CUST-0171,2024-10-01,5341.58,0
CUST-0171,2024-11-01,5341.58,0
CUST-0171,2024-12-01,5341.58,0
CUST-0172,2024-02-01,673.5,0
CUST-0172,2024-03-01,673.5,0
CUST-0172,2024-04-01,673.5,0
CUST-0172,2024-05-01,673.5,0
CUST-0172,2024-06-01,806.65,0
CUST-0172,2024-07-01,806.65,0
CUST-0172,2024-08-01,806.65,0
CUST-0172,2024-09-01,806.65,0
CUST-0172,2024-10-01,886.68,0
CUST-0172,2024-11-01,968.73,0
CUST-0172,2024-12-01,968.73,0
CUST-0173,2024-02-01,187.81,0
CUST-0173,2024-03-01,187.81,0
CUST-0173,2024-04-01,187.81,0
CUST-0173,2024-05-01,220.89,0
CUST-0173,2024-06-01,220.89,0
CUST-0173,2024-07-01,220.89,0
CUST-0173,2024-08-01,220.89,0
CUST-0173,2024-09-01,220.89,0
CUST-0173,2024-10-01,236.68,0
CUST-0173,2024-11-01,236.68,0
CUST-0173,2024-12-01,281.36,0
CUST-0174,2024-02-01,498.8,0
CUST-0174,2024-03-01,498.8,0
CUST-0174,2024-04-01,498.8,0
CUST-0174,2024-05-01,498.8,0
CUST-0174,2024-06-01,498.8,0
CUST-0174,2024-07-01,498.8,0
CUST-0174,2024-08-01,498.8,0
CUST-0174,2024-09-01,498.8,0
CUST-0174,2024-10-01,498.8,0
CUST-0174,2024-11-01,498.8,0
CUST-0174,2024-12-01,498.8,0
CUST-0175,2024-02-01,523.26,0
CUST-0175,2024-03-01,523.26,0
CUST-0175,2024-04-01,523.26,0
CUST-0175,2024-05-01,554.78,0
CUST-0175,2024-06-01,554.78,0
CUST-0175,2024-07-01,554.78,0
CUST-0175,2024-08-01,554.78,0
CUST-0175,2024-09-01,588.89,0
CUST-0175,2024-10-01,588.89,0
CUST-0175,2024-11-01,588.89,0
CUST-0175,2024-12-01,588.89,0
CUST-0176,2024-02-01,249.26,0
CUST-0176,2024-03-01,249.26,0
CUST-0176,2024-04-01,215.5,0
CUST-0176,2024-05-01,215.5,0
CUST-0176,2024-06-01,215.5,0
CUST-0176,2024-07-01,190.39,0
CUST-0176,2024-08-01,190.39,0
CUST-0176,2024-09-01,190.39,0
CUST-0176,2024-10-01,190.39,0
CUST-0176,2024-11-01,190.39,0
CUST-0176,2024-12-01,190.39,0
CUST-0177,2024-02-01,72.94,0
CUST-0177,2024-03-01,72.94,0
CUST-0177,2024-04-01,72.94,0
CUST-0177,2024-05-01,72.94,0
CUST-0177,2024-06-01,72.94,0
CUST-0177,2024-07-01,72.94,0
CUST-0177,2024-08-01,77.08,0
CUST-0177,2024-09-01,77.08,0
CUST-0177,2024-10-01,71.97,0
CUST-0177,2024-11-01,71.97,0
CUST-0177,2024-12-01,71.97,0
CUST-0178,2024-02-01,130.76,0
CUST-0178,2024-03-01,130.76,0
CUST-0178,2024-04-01,130.76,0
CUST-0178,2024-05-01,143.28,0
CUST-0178,2024-06-01,121.63,0
CUST-0178,2024-07-01,121.63,0
CUST-0178,2024-08-01,121.63,0
CUST-0178,2024-09-01,121.63,0
CUST-0178,2024-10-01,121.63,0
CUST-0178,2024-11-01,121.63,0
CUST-0178,2024-12-01,121.63,0
CUST-0179,2024-02-01,344.39,0
CUST-0179,2024-03-01,344.39,0
CUST-0179,2024-04-01,344.39,0
CUST-0179,2024-05-01,344.39,0
CUST-0179,2024-06-01,344.39,0
CUST-0179,2024-07-01,344.39,0
CUST-0179,2024-08-01,344.39,0
CUST-0179,2024-09-01,326.98,0
CUST-0179,2024-10-01,326.98,0
CUST-0179,2024-11-01,326.98,0
CUST-0179,2024-12-01,326.98,0
CUST-0180,2024-02-01,251.73,0
CUST-0180,2024-03-01,251.73,0
CUST-0180,2024-04-01,251.73,0
CUST-0180,2024-05-01,251.73,0
CUST-0180,2024-06-01,251.73,0
CUST-0180,2024-07-01,251.73,0
CUST-0180,2024-08-01,251.73,0
CUST-0180,2024-09-01,251.73,0
CUST-0180,2024-10-01,227.94,0
CUST-0180,2024-11-01,227.94,0
CUST-0180,2024-12-01,227.94,0
CUST-0181,2024-02-01,393.22,0
CUST-0181,2024-03-01,393.22,0
CUST-0181,2024-04-01,393.22,0
CUST-0181,2024-05-01,393.22,0
CUST-0181,2024-06-01,393.22,0
CUST-0181,2024-07-01,393.22,0
CUST-0181,2024-08-01,393.22,0
CUST-0181,2024-09-01,393.22,0
CUST-0181,2024-10-01,393.22,0
CUST-0181,2024-11-01,424.89,0
CUST-0181,2024-12-01,424.89,0
CUST-0182,2024-02-01,1196.02,0
CUST-0182,2024-03-01,1196.02,0
CUST-0182,2024-04-01,1290.25,0
CUST-0182,2024-05-01,1290.25,0
CUST-0182,2024-06-01,1290.25,0
CUST-0182,2024-07-01,1290.25,0
CUST-0182,2024-08-01,1385.6,0
CUST-0182,2024-09-01,1385.6,0
CUST-0182,2024-10-01,1385.6,0
CUST-0182,2024-11-01,1385.6,0
CUST-0182,2024-12-01,1385.6,0
CUST-0183,2024-02-01,4679.8,0
CUST-0183,2024-03-01,5336.09,0
CUST-0183,2024-04-01,5336.09,0
CUST-0183,2024-05-01,5336.09,0
CUST-0183,2024-06-01,5336.09,0
CUST-0183,2024-07-01,5336.09,0
CUST-0183,2024-08-01,5336.09,0
CUST-0183,2024-09-01,5336.09,0
CUST-0183,2024-10-01,5336.09,0
CUST-0183,2024-11-01,5336.09,0
CUST-0183,2024-12-01,5336.09,0
CUST-0184,2024-02-01,136.68,0
CUST-0184,2024-03-01,136.68,0
CUST-0184,2024-04-01,136.68,0
CUST-0184,2024-05-01,136.68,0
CUST-0184,2024-06-01,136.68,0
CUST-0184,2024-07-01,136.68,0
CUST-0184,2024-08-01,136.68,0
CUST-0184,2024-09-01,136.68,0
CUST-0184,2024-10-01,136.68,0
CUST-0184,2024-11-01,136.68,0
CUST-0184,2024-12-01,136.68,0
CUST-0185,2024-02-01,361.55,0
CUST-0185,2024-03-01,361.55,0
CUST-0185,2024-04-01,341.67,0
CUST-0185,2024-05-01,341.67,0
CUST-0185,2024-06-01,341.67,0
CUST-0185,2024-07-01,341.67,0
CUST-0185,2024-08-01,341.67,0
CUST-0185,2024-09-01,341.67,0
CUST-0185,2024-10-01,341.67,0
CUST-0185,2024-11-01,341.67,0
CUST-0185,2024-12-01,341.67,0
CUST-0186,2024-02-01,252.08,0
CUST-0186,2024-03-01,252.08,0
CUST-0186,2024-04-01,295.79,0
CUST-0186,2024-05-01,295.79,0
CUST-0186,2024-06-01,295.79,0
CUST-0186,2024-07-01,295.79,0
CUST-0186,2024-08-01,295.79,0
CUST-0186,2024-09-01,349.02,0
CUST-0186,2024-10-01,349.02,0
CUST-0186,2024-11-01,349.02,0
CUST-0186,2024-12-01,349.02,0
CUST-0187,2024-02-01,3951.24,0
CUST-0187,2024-03-01,3951.24,0
CUST-0187,2024-04-01,3951.24,0
CUST-0187,2024-05-01,3951.24,0
CUST-0187,2024-06-01,3951.24,0
CUST-0187,2024-07-01,4179.68,0
CUST-0187,2024-08-01,4179.68,0
CUST-0187,2024-09-01,4179.68,0
CUST-0187,2024-10-01,4179.68,0
CUST-0187,2024-11-01,4179.68,0
CUST-0187,2024-12-01,4179.68,0
CUST-0188,2024-02-01,295.37,0
CUST-0188,2024-03-01,295.37,0
CUST-0188,2024-04-01,295.37,0
CUST-0188,2024-05-01,295.37,0
CUST-0188,2024-06-01,295.37,0
CUST-0188,2024-07-01,295.37,0
CUST-0188,2024-08-01,295.37,0
CUST-0188,2024-09-01,295.37,0
CUST-0188,2024-10-01,295.37,0
CUST-0188,2024-11-01,295.37,0
CUST-0188,2024-12-01,295.37,0
CUST-0189,2024-02-01,140.38,0
CUST-0189,2024-03-01,140.38,0
CUST-0189,2024-04-01,140.38,0
CUST-0189,2024-05-01,140.38,0
CUST-0189,2024-06-01,140.38,0
CUST-0189,2024-07-01,155.15,0
CUST-0189,2024-08-01,155.15,0
CUST-0189,2024-09-01,155.15,0
CUST-0189,2024-10-01,155.15,0
CUST-0189,2024-11-01,155.15,0
CUST-0189,2024-12-01,155.15,0
CUST-0190,2024-02-01,470.91,0
CUST-0190,2024-03-01,470.91,0
CUST-0190,2024-04-01,470.91,0
CUST-0190,2024-05-01,470.91,0
CUST-0190,2024-06-01,470.91,0
CUST-0190,2024-07-01,470.91,0
CUST-0190,2024-08-01,470.91,0
CUST-0190,2024-09-01,470.91,0
CUST-0190,2024-10-01,470.91,0
CUST-0190,2024-11-01,470.91,0
CUST-0190,2024-12-01,503.86,0
CUST-0191,2024-02-01,91.1,0
CUST-0191,2024-03-01,91.1,0
CUST-0191,2024-04-01,91.1,0
CUST-0191,2024-05-01,91.1,0
CUST-0191,2024-06-01,100.2,0
CUST-0191,2024-07-01,100.2,0
CUST-0191,2024-08-01,100.2,0
CUST-0191,2024-09-01,100.2,0
CUST-0191,2024-10-01,83.97,0
CUST-0191,2024-11-01,83.97,0
CUST-0191,2024-12-01,83.97,0
CUST-0192,2024-02-01,244.58,0
CUST-0192,2024-03-01,244.58,0
CUST-0192,2024-04-01,244.58,0
CUST-0192,2024-05-01,244.58,0
CUST-0192,2024-06-01,244.58,0
CUST-0192,2024-07-01,244.58,0
CUST-0192,2024-08-01,261.5,0
CUST-0192,2024-09-01,261.5,0
CUST-0192,2024-10-01,261.5,0
CUST-0192,2024-11-01,261.5,0
CUST-0192,2024-12-01,261.5,0
CUST-0193,2024-02-01,36.0,0
CUST-0193,2024-03-01,36.0,0
CUST-0193,2024-04-01,36.0,0
CUST-0193,2024-05-01,36.0,0
CUST-0193,2024-06-01,36.0,0
CUST-0193,2024-07-01,38.6,0
CUST-0193,2024-08-01,32.39,0
CUST-0193,2024-09-01,32.39,0
CUST-0193,2024-10-01,32.39,0
CUST-0193,2024-11-01,35.74,0
CUST-0193,2024-12-01,35.74,0
CUST-0194,2024-02-01,4591.12,0
CUST-0194,2024-03-01,4591.12,0
CUST-0194,2024-04-01,5418.56,0
CUST-0194,2024-05-01,5418.56,0
CUST-0194,2024-06-01,5418.56,0
CUST-0194,2024-07-01,5418.56,0
CUST-0194,2024-08-01,5418.56,0
CUST-0194,2024-09-01,5418.56,0
CUST-0194,2024-10-01,5418.56,0
CUST-0194,2024-11-01,5418.56,0
CUST-0194,2024-12-01,4888.61,0
CUST-0195,2024-02-01,257.74,0
CUST-0195,2024-03-01,257.74,0
CUST-0195,2024-04-01,257.74,0
CUST-0195,2024-05-01,302.74,0
CUST-0195,2024-06-01,302.74,0
CUST-0195,2024-07-01,302.74,0
CUST-0195,2024-08-01,361.92,0
CUST-0195,2024-09-01,361.92,0
CUST-0195,2024-10-01,361.92,0
CUST-0195,2024-11-01,361.92,0
CUST-0195,2024-12-01,361.92,0
CUST-0196,2024-02-01,2210.93,0
CUST-0196,2024-03-01,2210.93,0
CUST-0196,2024-04-01,2637.16,0
CUST-0196,2024-05-01,2637.16,0
CUST-0196,2024-06-01,2637.16,0
CUST-0196,2024-07-01,2637.16,0
CUST-0196,2024-08-01,2637.16,0
CUST-0196,2024-09-01,2637.16,0
CUST-0196,2024-10-01,2637.16,0
CUST-0196,2024-11-01,2637.16,0
CUST-0196,2024-12-01,2637.16,0
CUST-0197,2024-02-01,327.66,0
CUST-0197,2024-03-01,327.66,0
CUST-0197,2024-04-01,327.66,0
CUST-0197,2024-05-01,327.66,0
CUST-0197,2024-06-01,327.66,0
CUST-0197,2024-07-01,327.66,0
CUST-0197,2024-08-01,327.66,0
CUST-0197,2024-09-01,327.66,0
CUST-0197,2024-10-01,360.84,0
CUST-0197,2024-11-01,360.84,0
CUST-0197,2024-12-01,360.84,0
CUST-0198,2024-02-01,112.83,0
CUST-0198,2024-03-01,112.83,0
CUST-0198,2024-04-01,112.83,0
CUST-0198,2024-05-01,112.83,0
CUST-0198,2024-06-01,112.83,0
CUST-0198,2024-07-01,112.83,0
CUST-0198,2024-08-01,91.56,0
CUST-0198,2024-09-01,97.62,0
CUST-0198,2024-10-01,97.62,0
CUST-0198,2024-11-01,97.62,0
CUST-0198,2024-12-01,97.62,0
CUST-0199,2024-02-01,2507.28,0
CUST-0199,2024-03-01,2881.46,0
CUST-0199,2024-04-01,2881.46,0
CUST-0199,2024-05-01,2881.46,0
CUST-0199,2024-06-01,2881.46,0
CUST-0199,2024-07-01,2881.46,0
CUST-0199,2024-08-01,2881.46,0
CUST-0199,2024-09-01,2881.46,0
CUST-0199,2024-10-01,2881.46,0
CUST-0199,2024-11-01,2881.46,0
CUST-0199,2024-12-01,2881.46,0
CUST-0200,2024-02-01,948.04,0
CUST-0200,2024-03-01,1012.03,0
CUST-0200,2024-04-01,1012.03,0
CUST-0200,2024-05-01,1012.03,0
CUST-0200,2024-06-01,1012.03,0
CUST-0200,2024-07-01,1012.03,0
CUST-0200,2024-08-01,1012.03,0
CUST-0200,2024-09-01,1012.03,0
CUST-0200,2024-10-01,1012.03,0
CUST-0200,2024-11-01,826.61,0
CUST-0200,2024-12-01,988.28,0
CUST-0201,2024-02-01,1676.45,0
CUST-0201,2024-03-01,1676.45,0
CUST-0201,2024-04-01,1676.45,0
CUST-0201,2024-05-01,1676.45,0
CUST-0201,2024-06-01,1676.45,0
CUST-0201,2024-07-01,1382.93,0
CUST-0201,2024-08-01,1382.93,0
CUST-0201,2024-09-01,1382.93,0
CUST-0201,2024-10-01,1382.93,0
CUST-0201,2024-11-01,1382.93,0
CUST-0201,2024-12-01,1382.93,0
CUST-0202,2024-02-01,2464.93,0
CUST-0202,2024-03-01,2464.93,0
CUST-0202,2024-04-01,2464.93,0
CUST-0202,2024-05-01,2464.93,0
CUST-0202,2024-06-01,2464.93,0
CUST-0202,2024-07-01,2464.93,0
CUST-0202,2024-08-01,2464.93,0
CUST-0202,2024-09-01,2464.93,0
CUST-0202,2024-10-01,2464.93,0
CUST-0202,2024-11-01,2464.93,0
CUST-0202,2024-12-01,2918.31,0
CUST-0203,2024-02-01,802.52,0
CUST-0203,2024-03-01,802.52,0
CUST-0203,2024-04-01,802.52,0
CUST-0203,2024-05-01,877.32,0
CUST-0203,2024-06-01,877.32,0
CUST-0203,2024-07-01,877.32,0
CUST-0203,2024-08-01,877.32,0
CUST-0203,2024-09-01,877.32,0
CUST-0203,2024-10-01,877.32,0
CUST-0203,2024-11-01,877.32,0
CUST-0203,2024-12-01,877.32,0
CUST-0204,2024-02-01,228.47,0
CUST-0204,2024-03-01,228.47,0
CUST-0204,2024-04-01,228.47,0
CUST-0204,2024-05-01,228.47,0
CUST-0204,2024-06-01,228.47,0
CUST-0204,2024-07-01,228.47,0
CUST-0204,2024-08-01,254.15,0
CUST-0204,2024-09-01,254.15,0
CUST-0204,2024-10-01,204.01,0
CUST-0204,2024-11-01,204.01,0
CUST-0204,2024-12-01,204.01,0
CUST-0205,2024-02-01,172.43,0
CUST-0205,2024-03-01,192.19,0
CUST-0205,2024-04-01,192.19,0
CUST-0205,2024-05-01,192.19,0
CUST-0205,2024-06-01,192.19,0
CUST-0205,2024-07-01,227.1,0
CUST-0205,2024-08-01,227.1,0
CUST-0205,2024-09-01,227.1,0
CUST-0205,2024-10-01,227.1,0
CUST-0205,2024-11-01,227.1,0
CUST-0205,2024-12-01,227.1,0
CUST-0206,2024-02-01,178.92,0
CUST-0206,2024-03-01,178.92,0
CUST-0206,2024-04-01,178.92,0
CUST-0206,2024-05-01,190.7,0
CUST-0206,2024-06-01,190.7,0
CUST-0206,2024-07-01,190.7,0
CUST-0206,2024-08-01,190.7,0
CUST-0206,2024-09-01,190.7,0
CUST-0206,2024-10-01,218.75,0
CUST-0206,2024-11-01,218.75,0
CUST-0206,2024-12-01,218.75,0
CUST-0207,2024-02-01,166.42,0
CUST-0207,2024-03-01,166.42,0
CUST-0207,2024-04-01,166.42,0
CUST-0207,2024-05-01,184.04,0
CUST-0207,2024-06-01,184.04,0
CUST-0207,2024-07-01,184.04,0
CUST-0207,2024-08-01,184.04,0
CUST-0207,2024-09-01,184.04,0
CUST-0207,2024-10-01,184.04,0
CUST-0207,2024-11-01,184.04,0
CUST-0207,2024-12-01,184.04,0
CUST-0208,2024-02-01,165.26,0
CUST-0208,2024-03-01,165.26,0
CUST-0208,2024-04-01,181.91,0
CUST-0208,2024-05-01,181.91,0
CUST-0208,2024-06-01,181.91,0
CUST-0208,2024-07-01,216.18,0
CUST-0208,2024-08-01,216.18,0
CUST-0208,2024-09-01,0.0,1
CUST-0208,2024-10-01,0.0,0
CUST-0208,2024-11-01,0.0,0
CUST-0208,2024-12-01,0.0,0
CUST-0209,2024-02-01,59.41,0
CUST-0209,2024-03-01,59.41,0
CUST-0209,2024-04-01,59.41,0
CUST-0209,2024-05-01,59.41,0
CUST-0209,2024-06-01,59.41,0
CUST-0209,2024-07-01,59.41,0
CUST-0209,2024-08-01,59.41,0
CUST-0209,2024-09-01,59.41,0
CUST-0209,2024-10-01,59.41,0
CUST-0209,2024-11-01,59.41,0
CUST-0209,2024-12-01,59.41,0
CUST-0210,2024-02-01,3886.0,0
CUST-0210,2024-03-01,3886.0,0
CUST-0210,2024-04-01,3886.0,0
CUST-0210,2024-05-01,3886.0,0
CUST-0210,2024-06-01,3886.0,0
CUST-0210,2024-07-01,3886.0,0
CUST-0210,2024-08-01,3886.0,0
CUST-0210,2024-09-01,3886.0,0
CUST-0210,2024-10-01,3627.77,0
CUST-0210,2024-11-01,3627.77,0
CUST-0210,2024-12-01,3627.77,0
CUST-0211,2024-02-01,156.3,0
CUST-0211,2024-03-01,156.3,0
CUST-0211,2024-04-01,156.3,0
CUST-0211,2024-05-01,156.3,0
CUST-0211,2024-06-01,156.3,0
CUST-0211,2024-07-01,132.99,0
CUST-0211,2024-08-01,132.99,0
CUST-0211,2024-09-01,132.99,0
CUST-0211,2024-10-01,132.99,0
CUST-0211,2024-11-01,132.99,0
CUST-0211,2024-12-01,132.99,0
CUST-0212,2024-02-01,1287.19,0
CUST-0212,2024-03-01,1287.19,0
CUST-0212,2024-04-01,1287.19,0
CUST-0212,2024-05-01,1287.19,0
CUST-0212,2024-06-01,1287.19,0
CUST-0212,2024-07-01,1287.19,0
CUST-0212,2024-08-01,1287.19,0
CUST-0212,2024-09-01,1287.19,0
CUST-0212,2024-10-01,1287.19,0
CUST-0212,2024-11-01,1287.19,0
CUST-0212,2024-12-01,1287.19,0
CUST-0213,2024-02-01,349.71,0
CUST-0213,2024-03-01,349.71,0
CUST-0213,2024-04-01,349.71,0
CUST-0213,2024-05-01,349.71,0
CUST-0213,2024-06-01,349.71,0
CUST-0213,2024-07-01,349.71,0
CUST-0213,2024-08-01,349.71,0
CUST-0213,2024-09-01,349.71,0
CUST-0213,2024-10-01,288.0,0
CUST-0213,2024-11-01,288.0,0
CUST-0213,2024-12-01,339.22,0
CUST-0214,2024-02-01,274.24,0
CUST-0214,2024-03-01,274.24,0
CUST-0214,2024-04-01,300.5,0
CUST-0214,2024-05-01,300.5,0
CUST-0214,2024-06-01,321.96,0
CUST-0214,2024-07-01,321.96,0
CUST-0214,2024-08-01,321.96,0
CUST-0214,2024-09-01,321.96,0
CUST-0214,2024-10-01,284.01,0
CUST-0214,2024-11-01,300.11,0
CUST-0214,2024-12-01,300.11,0
CUST-0215,2024-02-01,3847.22,0
CUST-0215,2024-03-01,3847.22,0
CUST-0215,2024-04-01,3847.22,0
CUST-0215,2024-05-01,3847.22,0
CUST-0215,2024-06-01,3847.22,0
CUST-0215,2024-07-01,3847.22,0
CUST-0215,2024-08-01,4400.13,0
CUST-0215,2024-09-01,4400.13,0
CUST-0215,2024-10-01,4400.13,0
CUST-0215,2024-11-01,5062.64,0
CUST-0215,2024-12-01,5062.64,0
CUST-0216,2024-02-01,2069.17,0
CUST-0216,2024-03-01,2368.2,0
CUST-0216,2024-04-01,2368.2,0
CUST-0216,2024-05-01,2368.2,0
CUST-0216,2024-06-01,2825.91,0
CUST-0216,2024-07-01,2825.91,0
CUST-0216,2024-08-01,2825.91,0
CUST-0216,2024-09-01,2825.91,0
CUST-0216,2024-10-01,3246.23,0
CUST-0216,2024-11-01,3246.23,0
CUST-0216,2024-12-01,3246.23,0
CUST-0217,2024-02-01,665.26,0
CUST-0217,2024-03-01,665.26,0
CUST-0217,2024-04-01,665.26,0
CUST-0217,2024-05-01,665.26,0
CUST-0217,2024-06-01,665.26,0
CUST-0217,2024-07-01,584.89,0
CUST-0217,2024-08-01,584.89,0
CUST-0217,2024-09-01,584.89,0
CUST-0217,2024-10-01,584.89,0
CUST-0217,2024-11-01,584.89,0
CUST-0217,2024-12-01,584.89,0
CUST-0218,2024-02-01,734.55,0
CUST-0218,2024-03-01,734.55,0
CUST-0218,2024-04-01,734.55,0
CUST-0218,2024-05-01,734.55,0
CUST-0218,2024-06-01,734.55,0
CUST-0218,2024-07-01,734.55,0
CUST-0218,2024-08-01,734.55,0
CUST-0218,2024-09-01,734.55,0
CUST-0218,2024-10-01,734.55,0
CUST-0218,2024-11-01,734.55,0
CUST-0218,2024-12-01,734.55,0
CUST-0219,2024-02-01,194.37,0
CUST-0219,2024-03-01,194.37,0
CUST-0219,2024-04-01,194.37,0
CUST-0219,2024-05-01,194.37,0
CUST-0219,2024-06-01,194.37,0
CUST-0219,2024-07-01,194.37,0
CUST-0219,2024-08-01,194.37,0
CUST-0219,2024-09-01,194.37,0
CUST-0219,2024-10-01,194.37,0
CUST-0219,2024-11-01,194.37,0
CUST-0219,2024-12-01,194.37,0
CUST-0220,2024-02-01,283.33,0
CUST-0220,2024-03-01,283.33,0
CUST-0220,2024-04-01,283.33,0
CUST-0220,2024-05-01,283.33,0
CUST-0220,2024-06-01,283.33,0
CUST-0220,2024-07-01,283.33,0
CUST-0220,2024-08-01,283.33,0
CUST-0220,2024-09-01,283.33,0
CUST-0220,2024-10-01,283.33,0
CUST-0220,2024-11-01,0.0,1
CUST-0220,2024-12-01,0.0,0
CUST-0221,2024-02-01,5604.02,0
CUST-0221,2024-03-01,5604.02,0
CUST-0221,2024-04-01,5604.02,0
CUST-0221,2024-05-01,5604.02,0
CUST-0221,2024-06-01,5604.02,0
CUST-0221,2024-07-01,5604.02,0
CUST-0221,2024-08-01,5604.02,0
CUST-0221,2024-09-01,5604.02,0
CUST-0221,2024-10-01,5604.02,0
CUST-0221,2024-11-01,5604.02,0
CUST-0221,2024-12-01,5604.02,0
CUST-0222,2024-02-01,672.6,0
CUST-0222,2024-03-01,707.2,0
CUST-0222,2024-04-01,707.2,0
CUST-0222,2024-05-01,707.2,0
CUST-0222,2024-06-01,707.2,0
CUST-0222,2024-07-01,707.2,0
CUST-0222,2024-08-01,707.2,0
CUST-0222,2024-09-01,707.2,0
CUST-0222,2024-10-01,707.2,0
CUST-0222,2024-11-01,707.2,0
CUST-0222,2024-12-01,707.2,0
CUST-0223,2024-02-01,416.39,0
CUST-0223,2024-03-01,416.39,0
CUST-0223,2024-04-01,379.53,0
CUST-0223,2024-05-01,379.53,0
CUST-0223,2024-06-01,379.53,0
CUST-0223,2024-07-01,379.53,0
CUST-0223,2024-08-01,379.53,0
CUST-0223,2024-09-01,379.53,0
CUST-0223,2024-10-01,426.56,0
CUST-0223,2024-11-01,426.56,0
CUST-0223,2024-12-01,510.87,0
CUST-0224,2024-02-01,702.65,0
CUST-0224,2024-03-01,702.65,0
CUST-0224,2024-04-01,702.65,0
CUST-0224,2024-05-01,702.65,0
CUST-0224,2024-06-01,702.65,0
CUST-0224,2024-07-01,702.65,0
CUST-0224,2024-08-01,702.65,0
CUST-0224,2024-09-01,702.65,0
CUST-0224,2024-10-01,702.65,0
CUST-0224,2024-11-01,664.34,0
CUST-0224,2024-12-01,664.34,0
CUST-0225,2024-02-01,189.92,0
CUST-0225,2024-03-01,211.58,0
CUST-0225,2024-04-01,211.58,0
CUST-0225,2024-05-01,211.58,0
CUST-0225,2024-06-01,211.58,0
CUST-0225,2024-07-01,211.58,0
CUST-0225,2024-08-01,211.58,0
CUST-0225,2024-09-01,245.05,0
CUST-0225,2024-10-01,291.06,0
CUST-0225,2024-11-01,291.06,0
CUST-0225,2024-12-01,291.06,0
CUST-0226,2024-02-01,882.78,0
CUST-0226,2024-03-01,882.78,0
CUST-0226,2024-04-01,882.78,0
CUST-0226,2024-05-01,882.78,0
CUST-0226,2024-06-01,882.78,0
CUST-0226,2024-07-01,763.42,0
CUST-0226,2024-08-01,892.88,0
CUST-0226,2024-09-01,892.88,0
CUST-0226,2024-10-01,892.88,0
CUST-0226,2024-11-01,892.88,0
CUST-0226,2024-12-01,892.88,0
CUST-0227,2024-02-01,246.45,0
CUST-0227,2024-03-01,246.45,0
CUST-0227,2024-04-01,275.28,0
CUST-0227,2024-05-01,275.28,0
CUST-0227,2024-06-01,275.28,0
CUST-0227,2024-07-01,275.28,0
CUST-0227,2024-08-01,275.28,0
CUST-0227,2024-09-01,275.28,0
CUST-0227,2024-10-01,275.28,0
CUST-0227,2024-11-01,291.35,0
CUST-0227,2024-12-01,343.06,0
CUST-0228,2024-02-01,2035.74,0
CUST-0228,2024-03-01,2035.74,0
CUST-0228,2024-04-01,2035.74,0
CUST-0228,2024-05-01,2035.74,0
CUST-0228,2024-06-01,2035.74,0
CUST-0228,2024-07-01,2336.29,0
CUST-0228,2024-08-01,2050.29,0
CUST-0228,2024-09-01,2050.29,0
CUST-0228,2024-10-01,2372.18,0
CUST-0228,2024-11-01,2372.18,0
CUST-0228,2024-12-01,2372.18,0
CUST-0229,2024-02-01,85.74,0
CUST-0229,2024-03-01,85.74,0
CUST-0229,2024-04-01,85.74,0
CUST-0229,2024-05-01,91.67,0
CUST-0229,2024-06-01,91.67,0
CUST-0229,2024-07-01,91.67,0
CUST-0229,2024-08-01,91.67,0
CUST-0229,2024-09-01,91.67,0
CUST-0229,2024-10-01,91.67,0
CUST-0229,2024-11-01,91.67,0
CUST-0229,2024-12-01,91.67,0
CUST-0230,2024-02-01,5045.84,0
CUST-0230,2024-03-01,5045.84,0
CUST-0230,2024-04-01,5045.84,0
CUST-0230,2024-05-01,5045.84,0
CUST-0230,2024-06-01,5441.45,0
CUST-0230,2024-07-01,5441.45,0
CUST-0230,2024-08-01,5441.45,0
CUST-0230,2024-09-01,5441.45,0
CUST-0230,2024-10-01,5441.45,0
CUST-0230,2024-11-01,5441.45,0
CUST-0230,2024-12-01,5441.45,0
CUST-0231,2024-02-01,280.33,0
CUST-0231,2024-03-01,280.33,0
CUST-0231,2024-04-01,280.33,0
CUST-0231,2024-05-01,280.33,0
CUST-0231,2024-06-01,280.33,0
CUST-0231,2024-07-01,280.33,0
CUST-0231,2024-08-01,224.68,0
CUST-0231,2024-09-01,224.68,0
CUST-0231,2024-10-01,224.68,0
CUST-0231,2024-11-01,224.68,0
CUST-0231,2024-12-01,224.68,0
CUST-0232,2024-02-01,188.09,0
CUST-0232,2024-03-01,188.09,0
CUST-0232,2024-04-01,188.09,0
CUST-0232,2024-05-01,188.09,0
CUST-0232,2024-06-01,188.09,0
CUST-0232,2024-07-01,220.95,0
CUST-0232,2024-08-01,220.95,0
CUST-0232,2024-09-01,220.95,0
CUST-0232,2024-10-01,220.95,0
CUST-0232,2024-11-01,220.95,0
CUST-0232,2024-12-01,220.95,0
CUST-0233,2024-02-01,703.18,0
CUST-0233,2024-03-01,703.18,0
CUST-0233,2024-04-01,831.45,0
CUST-0233,2024-05-01,831.45,0
CUST-0233,2024-06-01,831.45,0
CUST-0233,2024-07-01,831.45,0
CUST-0233,2024-08-01,831.45,0
CUST-0233,2024-09-01,831.45,0
CUST-0233,2024-10-01,831.45,0
CUST-0233,2024-11-01,831.45,0
CUST-0233,2024-12-01,831.45,0
CUST-0234,2024-02-01,365.47,0
CUST-0234,2024-03-01,365.47,0
CUST-0234,2024-04-01,365.47,0
CUST-0234,2024-05-01,365.47,0
CUST-0234,2024-06-01,365.47,0
CUST-0234,2024-07-01,365.47,0
CUST-0234,2024-08-01,365.47,0
CUST-0234,2024-09-01,365.47,0
CUST-0234,2024-10-01,365.47,0
CUST-0234,2024-11-01,365.47,0
CUST-0234,2024-12-01,365.47,0
CUST-0235,2024-02-01,329.76,0
CUST-0235,2024-03-01,329.76,0
CUST-0235,2024-04-01,329.76,0
CUST-0235,2024-05-01,329.76,0
CUST-0235,2024-06-01,329.76,0
CUST-0235,2024-07-01,329.76,0
CUST-0235,2024-08-01,383.43,0
CUST-0235,2024-09-01,383.43,0
CUST-0235,2024-10-01,336.21,0
CUST-0235,2024-11-01,336.21,0
CUST-0235,2024-12-01,336.21,0
CUST-0236,2024-02-01,319.28,0
CUST-0236,2024-03-01,356.4,0
CUST-0236,2024-04-01,356.4,0
CUST-0236,2024-05-01,356.4,0
CUST-0236,2024-06-01,356.4,0
CUST-0236,2024-07-01,389.0,0
CUST-0236,2024-08-01,389.0,0
CUST-0236,2024-09-01,389.0,0
CUST-0236,2024-10-01,389.0,0
CUST-0236,2024-11-01,389.0,0
CUST-0236,2024-12-01,389.0,0
CUST-0237,2024-02-01,1868.38,0
CUST-0237,2024-03-01,1868.38,0
CUST-0237,2024-04-01,1868.38,0
CUST-0237,2024-05-01,1868.38,0
CUST-0237,2024-06-01,1868.38,0
CUST-0237,2024-07-01,1868.38,0
CUST-0237,2024-08-01,1868.38,0
CUST-0237,2024-09-01,2145.11,0
CUST-0237,2024-10-01,2145.11,0
CUST-0237,2024-11-01,2145.11,0
CUST-0237,2024-12-01,2145.11,0
CUST-0238,2024-02-01,119.13,0
CUST-0238,2024-03-01,119.13,0
CUST-0238,2024-04-01,119.13,0
CUST-0238,2024-05-01,140.2,0
CUST-0238,2024-06-01,140.2,0
CUST-0238,2024-07-01,140.2,0
CUST-0238,2024-08-01,115.08,0
CUST-0238,2024-09-01,115.08,0
CUST-0238,2024-10-01,115.08,0
CUST-0238,2024-11-01,115.08,0
CUST-0238,2024-12-01,115.08,0
CUST-0239,2024-02-01,1052.76,0
CUST-0239,2024-03-01,1052.76,0
CUST-0239,2024-04-01,1052.76,0
CUST-0239,2024-05-01,1127.37,0
CUST-0239,2024-06-01,1127.37,0
CUST-0239,2024-07-01,1127.37,0
CUST-0239,2024-08-01,1127.37,0
CUST-0239,2024-09-01,1127.37,0
CUST-0239,2024-10-01,1127.37,0
CUST-0239,2024-11-01,1127.37,0
CUST-0239,2024-12-01,1127.37,0
CUST-0240,2024-02-01,489.23,0
CUST-0240,2024-03-01,489.23,0
CUST-0240,2024-04-01,489.23,0
CUST-0240,2024-05-01,405.99,0
CUST-0240,2024-06-01,405.99,0
CUST-0240,2024-07-01,405.99,0
CUST-0240,2024-08-01,405.99,0
CUST-0240,2024-09-01,344.69,0
CUST-0240,2024-10-01,344.69,0
CUST-0240,2024-11-01,344.69,0
CUST-0240,2024-12-01,344.69,0
CUST-0241,2024-02-01,408.94,0
CUST-0241,2024-03-01,408.94,0
CUST-0241,2024-04-01,408.94,0
CUST-0241,2024-05-01,408.94,0
CUST-0241,2024-06-01,408.94,0
CUST-0241,2024-07-01,408.94,0
CUST-0241,2024-08-01,408.94,0
CUST-0241,2024-09-01,408.94,0
CUST-0241,2024-10-01,408.94,0
CUST-0241,2024-11-01,408.94,0
CUST-0241,2024-12-01,408.94,0
CUST-0242,2024-02-01,1082.19,0
CUST-0242,2024-03-01,1241.21,0
CUST-0242,2024-04-01,1241.21,0
CUST-0242,2024-05-01,1241.21,0
CUST-0242,2024-06-01,1241.21,0
CUST-0242,2024-07-01,1241.21,0
CUST-0242,2024-08-01,1241.21,0
CUST-0242,2024-09-01,1241.21,0
CUST-0242,2024-10-01,1241.21,0
CUST-0242,2024-11-01,1433.35,0
CUST-0242,2024-12-01,1695.41,0
CUST-0243,2024-02-01,72.97,0
CUST-0243,2024-03-01,72.97,0
CUST-0243,2024-04-01,84.57,0
CUST-0243,2024-05-01,84.57,0
CUST-0243,2024-06-01,84.57,0
CUST-0243,2024-07-01,84.57,0
CUST-0243,2024-08-01,84.57,0
CUST-0243,2024-09-01,84.57,0
CUST-0243,2024-10-01,84.57,0
CUST-0243,2024-11-01,89.14,0
CUST-0243,2024-12-01,89.14,0
CUST-0244,2024-02-01,4182.95,0
CUST-0244,2024-03-01,4182.95,0
CUST-0244,2024-04-01,4549.34,0
CUST-0244,2024-05-01,4549.34,0
CUST-0244,2024-06-01,4549.34,0
CUST-0244,2024-07-01,4549.34,0
CUST-0244,2024-08-01,4549.34,0
CUST-0244,2024-09-01,4549.34,0
CUST-0244,2024-10-01,4549.34,0
CUST-0244,2024-11-01,4549.34,0
CUST-0244,2024-12-01,4549.34,0
CUST-0245,2024-02-01,36.02,0
CUST-0245,2024-03-01,30.29,0
CUST-0245,2024-04-01,30.29,0
CUST-0245,2024-05-01,30.29,0
CUST-0245,2024-06-01,30.29,0
CUST-0245,2024-07-01,34.69,0
CUST-0245,2024-08-01,34.69,0
CUST-0245,2024-09-01,34.69,0
CUST-0245,2024-10-01,34.69,0
CUST-0245,2024-11-01,29.72,0
CUST-0245,2024-12-01,29.72,0
CUST-0246,2024-02-01,673.41,0
CUST-0246,2024-03-01,709.9,0
CUST-0246,2024-04-01,832.77,0
CUST-0246,2024-05-01,832.77,0
CUST-0246,2024-06-01,832.77,0
CUST-0246,2024-07-01,832.77,0
CUST-0246,2024-08-01,730.24,0
CUST-0246,2024-09-01,730.24,0
CUST-0246,2024-10-01,730.24,0
CUST-0246,2024-11-01,730.24,0
CUST-0246,2024-12-01,730.24,0
CUST-0247,2024-02-01,47.85,0
CUST-0247,2024-03-01,54.94,0
CUST-0247,2024-04-01,59.44,0
CUST-0247,2024-05-01,59.44,0
CUST-0247,2024-06-01,59.44,0
CUST-0247,2024-07-01,70.31,0
CUST-0247,2024-08-01,70.31,0
CUST-0247,2024-09-01,70.31,0
CUST-0247,2024-10-01,70.31,0
CUST-0247,2024-11-01,70.31,0
CUST-0247,2024-12-01,70.31,0
CUST-0248,2024-02-01,253.04,0
CUST-0248,2024-03-01,253.04,0
CUST-0248,2024-04-01,253.04,0
CUST-0248,2024-05-01,253.04,0
CUST-0248,2024-06-01,253.04,0
CUST-0248,2024-07-01,253.04,0
CUST-0248,2024-08-01,300.31,0
CUST-0248,2024-09-01,300.31,0
CUST-0248,2024-10-01,300.31,0
CUST-0248,2024-11-01,241.2,0
CUST-0248,2024-12-01,241.2,0
CUST-0249,2024-02-01,1227.12,0
CUST-0249,2024-03-01,1227.12,0
CUST-0249,2024-04-01,1227.12,0
CUST-0249,2024-05-01,1227.12,0
CUST-0249,2024-06-01,1227.12,0
CUST-0249,2024-07-01,1227.12,0
CUST-0249,2024-08-01,1227.12,0
CUST-0249,2024-09-01,1227.12,0
CUST-0249,2024-10-01,1127.44,0
CUST-0249,2024-11-01,1127.44,0
CUST-0249,2024-12-01,1127.44,0
CUST-0250,2024-02-01,246.34,0
CUST-0250,2024-03-01,246.34,0
CUST-0250,2024-04-01,246.34,0
CUST-0250,2024-05-01,246.34,0
CUST-0250,2024-06-01,246.34,0
CUST-0250,2024-07-01,246.34,0
CUST-0250,2024-08-01,246.34,0
CUST-0250,2024-09-01,246.34,0
CUST-0250,2024-10-01,295.31,0
CUST-0250,2024-11-01,295.31,0
CUST-0250,2024-12-01,295.31,0
